"400016","CLASSIC","Visa","debit","IN","STATE BANK OF INDIA",,0
"400017","CLASSIC","Visa","debit","IN",,,0
"400018","CORPORATE T&E","Visa","debit","IN","STATE BANK OF INDIA",,0
"400019","CORPORATE T&E","Visa","debit","IN",,,0
"400032","CLASSIC","Visa","debit","IN","STATE BANK OF INDIA",,0
"400033",,"Visa","debit","IN",,,0
"400034",,"Visa","debit","IN",,,0
"400035","CLASSIC","Visa","debit","IN",,,0
"400036","CLASSIC","Visa","debit","IN","STATE BANK OF INDIA",,0
"400037",,"Visa","debit","IN",,,0
"400038","CORPORATE T&E","Visa","debit","IN","STATE BANK OF INDIA",,0
"400040","CORPORATE T&E","Visa","debit","IN","STATE BANK OF INDIA",,0
"400042","CORPORATE T&E","Visa","debit","IN","STATE BANK OF INDIA",,0
"400043",,"Visa","debit","IN",,,0
"400044",,"Visa","debit","IN",,,0
"400045",,"Visa","debit","IN",,,0
"400666","CLASSIC","Visa","credit","IN","SBI CARDS AND PAYMENT SERVICES PTE, LTD.",,0
"400667","PREMIER","Visa","credit","IN","SBI CARDS AND PAYMENT SERVICES PTE, LTD.",,0
"401151","ELECTRON","Visa","debit","IN","AXIS BANK, LTD.",,0
"401152","ELECTRON","Visa","debit","IN","UTI BANK, LTD.",,0
"401822",,"Visa",,"IN",,,0
"401823",,"Visa",,"IN",,,0
"402368","PREMIER","Visa","credit","IN","ICICI BANK, LTD.",,0
"402565","CLASSIC","Visa","debit","IN",,,0
"402635","CLASSIC","Visa","debit","IN","ICICI BANK, LTD.",,0
"402657","ELECTRON","Visa","debit","IN","ICICI BANK, LTD.",,0
"402735",,"Visa",,"IN","DENA BANK",,0
"402741","CLASSIC","Visa","debit","IN","CORPORATION BANK",,0
"402742",,"Visa",,"IN","CORPORATION BANK",,0
"402780",,"Visa",,"IN",,,0
"402790","ELECTRON","Visa","debit","IN","CANARA BANK",,0
"402853","PREMIER","Visa","credit","IN","ICICI BANK, LTD.",,0
"402874","INFINITE","Visa","credit","IN","STANDARD CHARTERED BANK",,0
"402969","ELECTRON","Visa","debit","IN","INDUSIND BANK, LTD.",,0
"402970",,"Visa",,"IN","INDUSIND BANK, LTD.",,0
"402985","ELECTRON","Visa","debit","IN","BANK OF BARODA",,0
"402986",,"Visa",,"IN","BANK OF BARODA",,0
"403250","CLASSIC","Visa","debit","IN",,,0
"403251","GOLD PREMIUM","Visa","debit","IN",,,0
"403362",,"Visa",,"IN","ANDHRA BANK",,0
"403398","ELECTRON","Visa","debit","IN","SYNDICATE BANK",,0
"403399",,"Visa",,"IN","SYNDICATE BANK",,0
"403405","CLASSIC","Visa","credit","IN","DENA BANK",,0
"403523",,"Visa",,"IN",,,0
"403748",,"Visa",,"IN",,,0
"403749",,"Visa",,"IN",,,0
"404241","ELECTRON","Visa","debit","IN","AXIS BANK, LTD.",,0
"404276","CLASSIC","Visa","credit","IN","HDFC BANK, LTD.",,0
"404278","CLASSIC","Visa","credit","IN","SBI CARDS AND PAYMENT SERVICES PTE, LTD.",,0
"404322","ELECTRON","Visa","debit","IN","KARUR VYSYA BANK, LTD.",,0
"404834","ELECTRON","Visa","debit","IN","FEDERAL BANK, LTD.",,0
"404835",,"Visa",,"IN","FEDERAL BANK, LTD.",,0
"405028","PLATINUM","Visa","credit","IN","HDFC BANK, LTD.",,0
"405238","ELECTRON","Visa","debit","IN","BANK OF INDIA",,0
"405450","CLASSIC","Visa","credit","IN","CITIBANK",,0
"405451","PREMIER","Visa","credit","IN","CITIBANK",,0
"405533","SIGNATURE","Visa","credit","IN","ICICI BANK, LTD.",,0
"405663",,"Visa",,"IN","UTI BANK, LTD.",,0
"405994",,"Visa",,"IN",,,0
"405995",,"Visa",,"IN",,,0
"405997",,"Visa",,"IN",,,0
"406228","PLATINUM","Visa","debit","IN","AXIS BANK, LTD.",,0
"406229","ELECTRON","Visa","debit","IN","AXIS BANK, LTD.",,0
"406477",,"Visa",,"IN","STATE BANK OF INDIA",,0
"407438","CORPORATE T&E","Visa","credit","IN","AXIS BANK, LTD.",,0
"407439","CORPORATE T&E","Visa","credit","IN","AXIS BANK, LTD.",,0
"407651","PREMIER","Visa","credit","IN","ICICI BANK, LTD.",,0
"407652",,"Visa",,"IN","DEVELOPMENT credit BANK, LTD.",,0
"407659","CLASSIC","Visa","credit","IN","ICICI BANK, LTD.",,0
"407706","CORPORATE T&E","Visa","debit","IN","AXIS BANK, LTD.",,0
"408925",,"Visa",,"IN",,,0
"408971",,"Visa",,"IN",,,0
"408982",,"Visa",,"IN",,,0
"409030","CLASSIC","Visa","credit","IN","SYNDICATE BANK",,0
"409031","PREMIER","Visa","credit","IN","SYNDICATE BANK",,0
"409064","CLASSIC","Visa","credit","IN","VIJAYA BANK",,0
"409361","CLASSIC","Visa","debit","IN","STATE BANK OF INDIA",,0
"409386","ELECTRON","Visa","debit","IN","IDBI BANK, LTD.",,0
"409643","ELECTRON","Visa","debit","IN","ICICI BANK, LTD.",,0
"410028","CLASSIC","Visa","debit","IN","DEVELOPMENT credit BANK, LTD.",,0
"410030",,"Visa",,"IN","DEVELOPMENT credit BANK, LTD.",,0
"410043","CORPORATE T","Visa","credit","IN","SYNDICATE BANK",,0
"410059","CLASSIC","Visa","credit","IN","ICICI BANK, LTD.",,0
"410153",,"Visa",,"IN","UNITED BANK OF INDIA",,0
"410202","BUSINESS","Visa","credit","IN","ICICI BANK, LTD.",,0
"410529",,"Visa",,"IN","LORD KRISHNA BANK",,0
"411146","SIGNATURE","Visa","credit","IN","AXIS BANK, LTD.",,0
"412903","CLASSIC","Visa","credit","IN","STANDARD CHARTERED BANK",,0
"412904","CLASSIC","Visa","credit","IN","STANDARD CHARTERED BANK",,0
"412905","PREMIER","Visa","credit","IN","STANDARD CHARTERED BANK",,0
"412929",,"Visa",,"IN","CITIBANK",,0
"413085","PREPAID","Visa","debit","IN","CITICORP",,0
"413289","BUSINESS","Visa","credit","IN","ICICI BANK, LTD.",,0
"413441",,"Visa",,"IN",,,0
"414366","CLASSIC","Visa","credit","IN",,,0
"414367","BUSINESS","Visa","credit","IN",,,0
"414752","SIGNATURE","Visa","credit","IN","INDUSIND BANK, LTD.",,0
"414767","SIGNATURE","Visa","credit","IN","KOTAK MAHINDRA BANK","KKBK",1
"414772","SIGNATURE","Visa","credit","IN","INDUSIND BANK, LTD.",,0
"416021","PLATINUM","Visa","debit","IN","HDFC BANK, LTD.",,0
"416419","ELECTRON","Visa","debit","IN","BNP PARIBAS",,0
"416452",,"Visa",,"IN","IDBI BANK, LTD.",,0
"416453",,"Visa",,"IN","BNP PARIBAS",,0
"416643","PREMIER","Visa","credit","IN","KOTAK MAHINDRA BANK","KKBK",1
"416644","PLATINUM","Visa","credit","IN","KOTAK MAHINDRA BANK","KKBK",1
"416645","BUSINESS","Visa","credit","IN","KOTAK MAHINDRA BANK","KKBK",1
"416646","CORPORATE T&E","Visa","credit","IN","KOTAK MAHINDRA BANK","KKBK",1
"417846",,"Visa",,"IN",,,0
"417847",,"Visa",,"IN",,,0
"417848","PLATINUM","Visa","credit","IN",,,0
"417916",,"Visa",,"IN",,,0
"417917","CLASSIC","Visa","debit","IN","AXIS BANK, LTD.",,0
"417918","ELECTRON","Visa","debit","IN",,,0
"417921","CLASSIC","Visa","debit","IN",,,0
"418123","CLASSIC","Visa","debit","IN",,,0
"418124",,"Visa","debit","IN",,,0
"418126",,"Visa",,"IN","AXIS BANK",,0
"418130","CLASSIC","Visa","debit","IN","SARASWAT CO-OPERATIVE BANK, LTD.",,0
"418133","PREMIER","Visa","debit","IN","ICICI BANK, LTD.",,0
"418136","SIGNATURE","Visa","credit","IN","HDFC BANK, LTD.",,0
"418157","CLASSIC","Visa","debit","IN","ICICI BANK, LTD.",,0
"418158","PREMIER","Visa","debit","IN","ICICI BANK, LTD.",,0
"418174","CORPORATE T&E","Visa","debit","IN","AXIS BANK, LTD.",,0
"418175","CORPORATE T&E","Visa","debit","IN","AXIS BANK, LTD.",,0
"418176",,"Visa","debit","IN",,,0
"418177",,"Visa","debit","IN",,,0
"418210","PLATINUM","Visa","debit","IN","AXIS BANK, LTD.",,0
"418212","BUSINESS","Visa","credit","IN","AXIS BANK, LTD.",,0
"418219","CLASSIC","Visa","debit","IN","HDFC BANK, LTD.",,0
"418226","BUSINESS","Visa","debit","IN","AXIS BANK, LTD.",,0
"418228","SIGNATURE","Visa","debit","IN","AXIS BANK, LTD.",,0
"418234","CORPORATE T&E","Visa","debit","IN","HDFC BANK, LTD.",,0
"418235",,"Visa","debit","IN",,,0
"418241",,"Visa",,"IN",,,0
"418254","CORPORATE T&E","Visa","debit","IN",,,0
"418255","CORPORATE T&E","Visa","debit","IN","HDFC BANK, LTD.",,0
"418261",,"Visa",,"IN",,,0
"418264","CORPORATE T&E","Visa","debit","IN","HDFC BANK, LTD.",,0
"418276","CLASSIC","Visa","debit","IN","ICICI BANK, LTD.",,0
"418356","CLASSIC","Visa","credit","IN",,,0
"418357","PREMIER","Visa","credit","IN",,,0
"418685","PREMIER","Visa","credit","IN","DHANALAKSHMI BANK, LTD.",,0
"418686","PLATINUM","Visa","credit","IN","DHANALAKSHMI BANK, LTD.",,0
"418688","CORPORATE T&E","Visa","credit","IN","DHANALAKSHMI BANK, LTD.",,0
"419607","BUSINESS","Visa","credit","IN","STANDARD CHARTERED BANK",,0
"419788","CLASSIC","Visa","credit","IN",,,0
"419789","PREMIER","Visa","credit","IN",,,0
"419937",,"Visa",,"IN",,,0
"419952",,"Visa",,"IN",,,0
"419975",,"Visa",,"IN",,,0
"419981",,"Visa",,"IN",,,0
"420580","ELECTRON","Visa","debit","IN","ICICI BANK, LTD.",,0
"421175","CORPORATE T&E","Visa","debit","IN","CITIBANK",,0
"421189","ELECTRON","Visa","debit","IN","GE MONEY FINANCIAL SERVICES, LTD.",,0
"421190","PLUS","Visa","debit","IN","GE COUNTRYWIDE CONSUMER FINANCIAL SERVICES, LTD.",,0
"421308","CLASSIC","Visa","debit","IN",,,0
"421314","CLASSIC","Visa","debit","IN","HDFC BANK, LTD.",,0
"421318","CLASSIC","Visa","debit","IN","HDFC BANK, LTD.",,0
"421319","CLASSIC","Visa","debit","IN","UNITED BANK OF INDIA",,0
"421320","CORPORATE T&E","Visa","debit","IN","HDFC BANK, LTD.",,0
"421321",,"Visa","debit","IN",,,0
"421322","PREPAID","Visa","debit","IN","HDFC BANK, LTD.",,0
"421323","PREMIER","Visa","debit","IN","ICICI BANK, LTD.",,0
"421324","CLASSIC","Visa","debit","IN","INDUSIND BANK, LTD.",,0
"421325","CORPORATE T&E","Visa","debit","IN","AXIS BANK, LTD.",,0
"421326","CORPORATE T","Visa","debit","IN","UTI BANK, LTD.",,0
"421327","CORPORATE T","Visa","debit","IN","UTI BANK, LTD.",,0
"421328","CORPORATE T&E","Visa","debit","IN","HDFC BANK, LTD.",,0
"421329","PREMIER","Visa","debit","IN","ICICI BANK, LTD.",,0
"421331","CORPORATE T&E","Visa","debit","IN","HDFC BANK, LTD.",,0
"421332","CORPORATE T&E","Visa","debit","IN","HDFC BANK, LTD.",,0
"421334","CLASSIC","Visa","debit","IN",,,0
"421335","CLASSIC","Visa","debit","IN","CENTURION BANK OF PUNJAB, LTD.",,0
"421337","CLASSIC","Visa","debit","IN","ALLAHABAD BANK",,0
"421341","CLASSIC","Visa","debit","IN","VIJAYA BANK",,0
"421368","CLASSIC","Visa","debit","IN","UNION BANK OF INDIA",,0
"421380","CLASSIC","Visa","debit","IN","AXIS BANK, LTD.",,0
"421392","PREMIER","Visa","debit","IN","HDFC BANK, LTD.",,0
"421394","GOLD PREMIUM","Visa","debit","IN","CENTURION BANK OF PUNJAB, LTD.",,0
"421395","PREMIER","Visa","debit","IN","ICICI BANK, LTD.",,0
"421409","CLASSIC","Visa","debit","IN","BANK OF MAHARASHTRA",,0
"421424","PREMIER","Visa","debit","IN","HDFC BANK, LTD.",,0
"421426","CLASSIC","Visa","debit","IN","IDBI BANK, LTD.",,0
"421438","CLASSIC","Visa","debit","IN","ICICI BANK, LTD.",,0
"421458","CLASSIC","Visa","debit","IN","CANARA BANK",,0
"421466","CORPORATE T&E","Visa","debit","IN","AXIS BANK, LTD.",,0
"421478","CLASSIC","Visa","debit","IN","ICICI BANK, LTD.",,0
"421479","CLASSIC","Visa","debit","IN","ICICI BANK, LTD.",,0
"421480","CLASSIC","Visa","debit","IN","ICICI BANK, LTD.",,0
"421490","CLASSIC","Visa","debit","IN","IDBI BANK, LTD.",,0
"421491","PREMIER","Visa","debit","IN","IDBI BANK, LTD.",,0
"421492","CLASSIC","Visa","debit","IN","KARNATAKA BANK, LTD.",,0
"421493","CLASSIC","Visa","debit","IN","KOTAK MAHINDRA BANK, LTD.",,0
"421495","CLASSIC","Visa","debit","IN","ICICI BANK, LTD.",,0
"421517","CLASSIC","Visa","debit","IN","DHANALAKSHMI BANK, LTD.",,0
"421519","CORPORATE T&E","Visa","debit","IN","AXIS BANK, LTD.",,0
"421520","CORPORATE","Visa","debit","IN","UTI BANK, LTD.",,0
"421539","CLASSIC","Visa","debit","IN","AXIS BANK, LTD.",,0
"421560","CLASSIC","Visa","debit","IN","CATHOLIC SYRIAN BANK, LTD.",,0
"421572","PREMIER","Visa","debit","IN","AXIS BANK, LTD.",,0
"421578","CLASSIC","Visa","debit","IN","HDFC BANK, LTD.",,0
"421590","CLASSIC","Visa","debit","IN","ICICI BANK, LTD.",,0
"421601","CLASSIC","Visa","debit","IN","STATE BANK OF INDIA",,0
"421602","CLASSIC","Visa","debit","IN","STATE BANK OF INDIA",,0
"421603","CLASSIC","Visa","debit","IN","STATE BANK OF INDIA",,0
"421604","CLASSIC","Visa","debit","IN","STATE BANK OF INDIA",,0
"421605","CLASSIC","Visa","debit","IN","STATE BANK OF INDIA",,0
"421606","CLASSIC","Visa","debit","IN","STATE BANK OF INDIA",,0
"421617","CLASSIC","Visa","debit","IN","DEUTSCHE BANK AG",,0
"421621","PREMIER","Visa","debit","IN","DEUTSCHE BANK AG",,0
"421627","CLASSIC","Visa","debit","IN","ICICI BANK, LTD.",,0
"421628","BUSINESS","Visa","debit","IN","ICICI BANK, LTD.",,0
"421630","PREMIER","Visa","debit","IN","ICICI BANK, LTD.",,0
"421674","CLASSIC","Visa","debit","IN","STATE BANK OF INDIA",,0
"421681","PREMIER","Visa","debit","IN","INDUSIND BANK, LTD.",,0
"421687","CLASSIC","Visa","debit","IN","STATE BANK OF INDIA",,0
"421688","CLASSIC","Visa","debit","IN","STATE BANK OF INDIA",,0
"421752",,"Visa",,"IN","DEUTSCHE BANK AG",,0
"422132","CLASSIC","Visa","debit","IN","INDIAN OVERSEAS BANK",,0
"422198","PREMIER","Visa","credit","IN","INDIAN OVERSEAS BANK",,0
"422316",,"Visa",,"IN","CATHOLIC SYRIAN BANK, LTD.",,0
"422677","CLASSIC","Visa","debit","IN","CENTURION BANK OF PUNJAB, LTD.",,0
"422678","CLASSIC","Visa","debit","IN","HDFC BANK, LTD.",,0
"423226","CLASSIC","Visa","credit","IN","ICICI BANK, LTD.",,0
"423227","PREMIER","Visa","credit","IN","ICICI BANK, LTD.",,0
"423364",,"Visa",,"IN",,,0
"424000",,"Visa",,"IN",,,0
"424001",,"Visa",,"IN",,,0
"424002",,"Visa",,"IN",,,0
"424003",,"Visa",,"IN",,,0
"424004",,"Visa",,"IN",,,0
"424005",,"Visa",,"IN",,,0
"424006",,"Visa",,"IN",,,0
"424007",,"Visa",,"IN",,,0
"424008",,"Visa",,"IN",,,0
"424009",,"Visa",,"IN",,,0
"424010",,"Visa",,"IN",,,0
"424011",,"Visa",,"IN",,,0
"424012",,"Visa",,"IN",,,0
"424013",,"Visa",,"IN",,,0
"424014",,"Visa",,"IN",,,0
"424015",,"Visa",,"IN",,,0
"424016",,"Visa",,"IN",,,0
"424017",,"Visa",,"IN",,,0
"424018",,"Visa",,"IN",,,0
"424019",,"Visa",,"IN",,,0
"424020",,"Visa",,"IN",,,0
"424021",,"Visa",,"IN",,,0
"424022",,"Visa",,"IN",,,0
"424023",,"Visa",,"IN",,,0
"424024",,"Visa",,"IN",,,0
"424025",,"Visa",,"IN",,,0
"424026",,"Visa",,"IN",,,0
"424027",,"Visa",,"IN",,,0
"424028",,"Visa",,"IN",,,0
"424029",,"Visa",,"IN",,,0
"424030",,"Visa",,"IN",,,0
"424031",,"Visa",,"IN",,,0
"424032",,"Visa",,"IN",,,0
"424033",,"Visa",,"IN",,,0
"424034",,"Visa",,"IN",,,0
"424035",,"Visa",,"IN",,,0
"424036",,"Visa",,"IN",,,0
"424037",,"Visa",,"IN",,,0
"424038",,"Visa",,"IN",,,0
"424039",,"Visa",,"IN",,,0
"424040",,"Visa",,"IN",,,0
"424041",,"Visa",,"IN",,,0
"424042",,"Visa",,"IN",,,0
"424043",,"Visa",,"IN",,,0
"424044",,"Visa",,"IN",,,0
"424045",,"Visa",,"IN",,,0
"424046",,"Visa",,"IN",,,0
"424047",,"Visa",,"IN",,,0
"424048",,"Visa",,"IN",,,0
"424049",,"Visa",,"IN",,,0
"424050",,"Visa",,"IN",,,0
"424051",,"Visa",,"IN",,,0
"424052",,"Visa",,"IN",,,0
"424053",,"Visa",,"IN",,,0
"424054",,"Visa",,"IN",,,0
"424055",,"Visa",,"IN",,,0
"424056",,"Visa",,"IN",,,0
"424057",,"Visa",,"IN",,,0
"424058",,"Visa",,"IN",,,0
"424059",,"Visa",,"IN",,,0
"424060",,"Visa",,"IN",,,0
"424061",,"Visa",,"IN",,,0
"424062",,"Visa",,"IN",,,0
"424063",,"Visa",,"IN",,,0
"424064",,"Visa",,"IN",,,0
"424065",,"Visa",,"IN",,,0
"424066",,"Visa",,"IN",,,0
"424067",,"Visa",,"IN",,,0
"424068",,"Visa",,"IN",,,0
"424069",,"Visa",,"IN",,,0
"424070",,"Visa",,"IN",,,0
"424071",,"Visa",,"IN",,,0
"424072",,"Visa",,"IN",,,0
"424073",,"Visa",,"IN",,,0
"424074",,"Visa",,"IN",,,0
"424075",,"Visa",,"IN",,,0
"424076",,"Visa",,"IN",,,0
"424077",,"Visa",,"IN",,,0
"424078",,"Visa",,"IN",,,0
"424079",,"Visa",,"IN",,,0
"424080",,"Visa",,"IN",,,0
"424081",,"Visa",,"IN",,,0
"424082",,"Visa",,"IN",,,0
"424083",,"Visa",,"IN",,,0
"424084",,"Visa",,"IN",,,0
"424085",,"Visa",,"IN",,,0
"424086",,"Visa",,"IN",,,0
"424087",,"Visa",,"IN",,,0
"424088",,"Visa",,"IN",,,0
"424089",,"Visa",,"IN",,,0
"424090",,"Visa",,"IN",,,0
"424091",,"Visa",,"IN",,,0
"424092",,"Visa",,"IN",,,0
"424093",,"Visa",,"IN",,,0
"424094",,"Visa",,"IN",,,0
"424095",,"Visa",,"IN",,,0
"424096",,"Visa",,"IN",,,0
"424097",,"Visa",,"IN",,,0
"424098",,"Visa",,"IN",,,0
"424099",,"Visa",,"IN",,,0
"424202",,"Visa",,"IN",,,0
"424203",,"Visa",,"IN",,,0
"424209",,"Visa",,"IN",,,0
"424220",,"Visa",,"IN",,,0
"424221",,"Visa",,"IN",,,0
"424246",,"Visa",,"IN",,,0
"424272",,"Visa",,"IN",,,0
"424273",,"Visa",,"IN",,,0
"424287",,"Visa",,"IN",,,0
"424288",,"Visa",,"IN",,,0
"424292",,"Visa",,"IN",,,0
"424293",,"Visa",,"IN",,,0
"424294",,"Visa",,"IN",,,0
"424295",,"Visa",,"IN",,,0
"424296",,"Visa",,"IN",,,0
"424297",,"Visa",,"IN",,,0
"424298",,"Visa",,"IN",,,0
"424299",,"Visa",,"IN",,,0
"424300",,"Visa",,"IN",,,0
"424301",,"Visa",,"IN",,,0
"424304",,"Visa",,"IN",,,0
"424322",,"Visa",,"IN",,,0
"424323",,"Visa",,"IN",,,0
"424338",,"Visa",,"IN",,,0
"424341",,"Visa",,"IN",,,0
"424351",,"Visa",,"IN",,,0
"424355",,"Visa",,"IN",,,0
"424356",,"Visa",,"IN",,,0
"424357",,"Visa",,"IN",,,0
"424364",,"Visa",,"IN",,,0
"424375",,"Visa",,"IN",,,0
"424376",,"Visa",,"IN",,,0
"424380",,"Visa",,"IN",,,0
"424387",,"Visa",,"IN",,,0
"424388",,"Visa",,"IN",,,0
"424389",,"Visa",,"IN",,,0
"424390",,"Visa",,"IN",,,0
"424406",,"Visa",,"IN",,,0
"424425",,"Visa",,"IN",,,0
"424427",,"Visa",,"IN",,,0
"424433",,"Visa",,"IN",,,0
"424445",,"Visa",,"IN",,,0
"424457",,"Visa",,"IN",,,0
"424458",,"Visa",,"IN",,,0
"424489",,"Visa",,"IN",,,0
"424493",,"Visa",,"IN",,,0
"424494",,"Visa",,"IN",,,0
"424495",,"Visa",,"IN",,,0
"424496",,"Visa",,"IN",,,0
"424497",,"Visa",,"IN",,,0
"424498",,"Visa",,"IN",,,0
"424511",,"Visa",,"IN",,,0
"424522",,"Visa",,"IN",,,0
"424523",,"Visa",,"IN",,,0
"424524",,"Visa",,"IN",,,0
"424525",,"Visa",,"IN",,,0
"424526",,"Visa",,"IN",,,0
"424527",,"Visa",,"IN",,,0
"424528",,"Visa",,"IN",,,0
"424529",,"Visa",,"IN",,,0
"424530",,"Visa",,"IN",,,0
"424531",,"Visa",,"IN",,,0
"424532",,"Visa",,"IN",,,0
"424533",,"Visa",,"IN",,,0
"424545",,"Visa",,"IN",,,0
"424546",,"Visa",,"IN",,,0
"424556",,"Visa",,"IN",,,0
"424560",,"Visa",,"IN",,,0
"424569",,"Visa",,"IN",,,0
"424570",,"Visa",,"IN",,,0
"424571",,"Visa",,"IN",,,0
"424572",,"Visa",,"IN",,,0
"424574",,"Visa",,"IN",,,0
"424578",,"Visa",,"IN",,,0
"424579",,"Visa",,"IN",,,0
"424580",,"Visa",,"IN",,,0
"424581",,"Visa",,"IN",,,0
"424582",,"Visa",,"IN",,,0
"424583",,"Visa",,"IN",,,0
"424584",,"Visa",,"IN",,,0
"424585",,"Visa",,"IN",,,0
"424590",,"Visa",,"IN",,,0
"424591",,"Visa",,"IN",,,0
"424592",,"Visa",,"IN",,,0
"424593",,"Visa",,"IN",,,0
"424594",,"Visa",,"IN",,,0
"424595",,"Visa",,"IN",,,0
"424596",,"Visa",,"IN",,,0
"424597",,"Visa",,"IN",,,0
"424598",,"Visa",,"IN",,,0
"424633",,"Visa",,"IN",,,0
"424639",,"Visa",,"IN",,,0
"424659",,"Visa",,"IN",,,0
"424686",,"Visa",,"IN",,,0
"424707",,"Visa",,"IN",,,0
"424708",,"Visa",,"IN",,,0
"424709",,"Visa",,"IN",,,0
"424710",,"Visa",,"IN",,,0
"424711",,"Visa",,"IN",,,0
"424712",,"Visa",,"IN",,,0
"424737",,"Visa",,"IN",,,0
"424741",,"Visa",,"IN",,,0
"424742",,"Visa",,"IN",,,0
"424760",,"Visa",,"IN",,,0
"424761",,"Visa",,"IN",,,0
"424762",,"Visa",,"IN",,,0
"424764",,"Visa",,"IN",,,0
"424768",,"Visa",,"IN",,,0
"424774",,"Visa",,"IN",,,0
"424777",,"Visa",,"IN",,,0
"424800",,"Visa",,"IN",,,0
"424801",,"Visa",,"IN",,,0
"424802",,"Visa",,"IN",,,0
"424803",,"Visa",,"IN",,,0
"424804",,"Visa",,"IN",,,0
"424805",,"Visa",,"IN",,,0
"424806",,"Visa",,"IN",,,0
"424807",,"Visa",,"IN",,,0
"424808",,"Visa",,"IN",,,0
"424809",,"Visa",,"IN",,,0
"424810",,"Visa",,"IN",,,0
"424811",,"Visa",,"IN",,,0
"424812",,"Visa",,"IN",,,0
"424813",,"Visa",,"IN",,,0
"424814",,"Visa",,"IN",,,0
"424815",,"Visa",,"IN",,,0
"424816",,"Visa",,"IN",,,0
"424817",,"Visa",,"IN",,,0
"424818",,"Visa",,"IN",,,0
"424819",,"Visa",,"IN",,,0
"424820",,"Visa",,"IN",,,0
"424821",,"Visa",,"IN",,,0
"424822",,"Visa",,"IN",,,0
"424823",,"Visa",,"IN",,,0
"424824",,"Visa",,"IN",,,0
"424825",,"Visa",,"IN",,,0
"424826",,"Visa",,"IN",,,0
"424827",,"Visa",,"IN",,,0
"424828",,"Visa",,"IN",,,0
"424829",,"Visa",,"IN",,,0
"424830",,"Visa",,"IN",,,0
"424831",,"Visa",,"IN",,,0
"424832",,"Visa",,"IN",,,0
"424833",,"Visa",,"IN",,,0
"424834",,"Visa",,"IN",,,0
"424835",,"Visa",,"IN",,,0
"424836",,"Visa",,"IN",,,0
"424837",,"Visa",,"IN",,,0
"424838",,"Visa",,"IN",,,0
"424839",,"Visa",,"IN",,,0
"424840",,"Visa",,"IN",,,0
"424841",,"Visa",,"IN",,,0
"424842",,"Visa",,"IN",,,0
"424843",,"Visa",,"IN",,,0
"424844",,"Visa",,"IN",,,0
"424845",,"Visa",,"IN",,,0
"424846",,"Visa",,"IN",,,0
"424847",,"Visa",,"IN",,,0
"424848",,"Visa",,"IN",,,0
"424849",,"Visa",,"IN",,,0
"424850",,"Visa",,"IN",,,0
"424851",,"Visa",,"IN",,,0
"424852",,"Visa",,"IN",,,0
"424853",,"Visa",,"IN",,,0
"424854",,"Visa",,"IN",,,0
"424855",,"Visa",,"IN",,,0
"424856",,"Visa",,"IN",,,0
"424857",,"Visa",,"IN",,,0
"424858",,"Visa",,"IN",,,0
"424859",,"Visa",,"IN",,,0
"424860",,"Visa",,"IN",,,0
"424861",,"Visa",,"IN",,,0
"424862",,"Visa",,"IN",,,0
"424863",,"Visa",,"IN",,,0
"424864",,"Visa",,"IN",,,0
"424865",,"Visa",,"IN",,,0
"424866",,"Visa",,"IN",,,0
"424867",,"Visa",,"IN",,,0
"424868",,"Visa",,"IN",,,0
"424869",,"Visa",,"IN",,,0
"424870",,"Visa",,"IN",,,0
"424871",,"Visa",,"IN",,,0
"424872",,"Visa",,"IN",,,0
"424873",,"Visa",,"IN",,,0
"424874",,"Visa",,"IN",,,0
"424875",,"Visa",,"IN",,,0
"424876",,"Visa",,"IN",,,0
"424877",,"Visa",,"IN",,,0
"424878",,"Visa",,"IN",,,0
"424879",,"Visa",,"IN",,,0
"424880",,"Visa",,"IN",,,0
"424881",,"Visa",,"IN",,,0
"424882",,"Visa",,"IN",,,0
"424883",,"Visa",,"IN",,,0
"424884",,"Visa",,"IN",,,0
"424885",,"Visa",,"IN",,,0
"424886",,"Visa",,"IN",,,0
"424887",,"Visa",,"IN",,,0
"424888",,"Visa",,"IN",,,0
"424889",,"Visa",,"IN",,,0
"424890",,"Visa",,"IN",,,0
"424891",,"Visa",,"IN",,,0
"424892",,"Visa",,"IN",,,0
"424893",,"Visa",,"IN",,,0
"424894",,"Visa",,"IN",,,0
"424895",,"Visa",,"IN",,,0
"424896",,"Visa",,"IN",,,0
"424897",,"Visa",,"IN",,,0
"424898",,"Visa",,"IN",,,0
"424899",,"Visa",,"IN",,,0
"424912",,"Visa",,"IN",,,0
"424920",,"Visa",,"IN",,,0
"424921",,"Visa",,"IN",,,0
"424922",,"Visa",,"IN",,,0
"424931",,"Visa",,"IN",,,0
"424932",,"Visa",,"IN",,,0
"424935",,"Visa",,"IN",,,0
"424937",,"Visa",,"IN",,,0
"424942",,"Visa",,"IN",,,0
"424945",,"Visa",,"IN",,,0
"424970",,"Visa",,"IN",,,0
"424977",,"Visa",,"IN","CORPORATION BANK",,0
"424983",,"Visa",,"IN",,,0
"424987",,"Visa",,"IN",,,0
"424988",,"Visa",,"IN",,,0
"424990",,"Visa",,"IN",,,0
"424991",,"Visa",,"IN",,,0
"424992",,"Visa",,"IN",,,0
"424993",,"Visa",,"IN",,,0
"424994",,"Visa",,"IN",,,0
"424995",,"Visa",,"IN",,,0
"424996",,"Visa",,"IN",,,0
"424997",,"Visa",,"IN",,,0
"424998",,"Visa",,"IN",,,0
"424999",,"Visa",,"IN",,,0
"425805","CLASSIC","Visa","credit","IN","CORPORATION BANK",,0
"425806","PREMIER","Visa","credit","IN","CORPORATION BANK",,0
"426015",,"Visa",,"IN","ICICI BANK, LTD.",,0
"426057",,"Visa",,"IN","IDBI BANK, LTD.",,0
"426063","CLASSIC","Visa","credit","IN","BANK OF INDIA",,0
"426241","CLASSIC","Visa","credit","IN","INDIAN OVERSEAS BANK",,0
"426242",,"Visa",,"IN","INDIAN OVERSEAS BANK",,0
"426365",,"Visa",,"IN","IDBI BANK, LTD.",,0
"426923",,"Visa",,"IN","ABN AMRO BANK, N.V.",,0
"427298",,"Visa",,"IN",,,0
"428090",,"Visa",,"IN",,,0
"428091",,"Visa",,"IN",,,0
"428092",,"Visa",,"IN",,,0
"428093",,"Visa",,"IN",,,0
"428094",,"Visa",,"IN",,,0
"428095",,"Visa",,"IN",,,0
"428096",,"Visa",,"IN",,,0
"428097",,"Visa",,"IN",,,0
"428098",,"Visa",,"IN",,,0
"428099",,"Visa",,"IN",,,0
"428306","CLASSIC","Visa","debit","IN","KOTAK MAHINDRA BANK, LTD.",,0
"428313","CLASSIC","Visa","debit","IN","INDIAN OVERSEAS BANK",,0
"428320","CLASSIC","Visa","debit","IN","UCO BANK",,0
"428348","PREMIER","Visa","debit","IN","KOTAK MAHINDRA BANK, LTD.",,0
"428376","PREMIER","Visa","debit","IN","STATE BANK OF INDIA",,0
"428377",,"Visa",,"IN",,,0
"428382","CLASSIC","Visa","debit","IN","ICICI BANK, LTD.",,0
"428383","PREMIER","Visa","debit","IN","ICICI BANK, LTD.",,0
"428414","PLATINUM","Visa","debit","IN",,,0
"428479","BUSINESS","Visa","credit","IN",,,0
"428626","BUSINESS","Visa","debit","IN",,,0
"428627",,"Visa","debit","IN",,,0
"428675","CLASSIC","Visa","debit","IN","IDBI BANK, LTD.",,0
"429303","PREMIER","Visa","credit","IN","VIJAYA BANK",,0
"429304","GOLD PREMIUM","Visa","credit","IN","VIJAYA BANK",,0
"429344","CLASSIC","Visa","credit","IN","STANDARD CHARTERED BANK",,0
"429345",,"Visa",,"IN","STANDARD CHARTERED BANK",,0
"429390","CLASSIC","Visa","credit","IN","BANK OF BARODA",,0
"429391",,"Visa",,"IN","KOTAK MAHINDRA BANK, LTD.",,0
"429393","CLASSIC","Visa","debit","IN","KOTAK MAHINDRA BANK, LTD.",,0
"430366","CLASSIC","Visa","debit","IN","ICICI BANK, LTD.",,0
"430367","CLASSIC","Visa","debit","IN","ICICI BANK, LTD.",,0
"430370","CLASSIC","Visa","debit","IN","ICICI BANK, LTD.",,0
"430371","CLASSIC","Visa","debit","IN","ICICI BANK, LTD.",,0
"430450",,"Visa",,"IN","ALLAHABAD BANK",,0
"430463","SIGNATURE","Visa","credit","IN","CITIBANK",,0
"431118",,"Visa",,"IN","BANK OF INDIA",,0
"431119","PREMIER","Visa","credit","IN","BANK OF INDIA",,0
"431263",,"Visa",,"IN","VIJAYA BANK",,0
"431754","CLASSIC","Visa","credit","IN","SBI CARDS AND PAYMENT SERVICES PTE, LTD.",,0
"431757","CLASSIC","Visa","credit","IN","SBI CARDS AND PAYMENT SERVICES PTE, LTD.",,0
"431759","GOLD PREMIUM","Visa","credit","IN","SBI CARDS AND PAYMENT SERVICES PTE, LTD.",,0
"431761",,"Visa",,"IN","UTI BANK, LTD.",,0
"431921","CORPORATE T&E","Visa","debit","IN","CITIBANK",,0
"431922","CORPORATE T&E","Visa","debit","IN","CITIBANK",,0
"431990","CORPORATE T&E","Visa","debit","IN",,,0
"432090",,"Visa",,"IN",,,0
"432093",,"Visa",,"IN",,,0
"432094",,"Visa",,"IN",,,0
"432098",,"Visa",,"IN",,,0
"432099",,"Visa",,"IN",,,0
"432198","GIFT","Visa","debit","IN",,,0
"432199","GIFT","Visa","debit","IN",,,0
"432707",,"Visa",,"IN","HONGKONG AND SHANGHAI BANKING CORP., LTD.",,0
"432808","CLASSIC","Visa","credit","IN","INDIAN BANK",,0
"432809","PREMIER","Visa","credit","IN","INDIAN BANK",,0
"432960",,"Visa",,"IN","STANDARD CHARTERED BANK",,0
"433273",,"Visa",,"IN","HDFC BANK, LTD.",,0
"433274",,"Visa",,"IN","HDFC BANK, LTD.",,0
"433275",,"Visa",,"IN","HDFC BANK, LTD.",,0
"433948","PREMIER","Visa","credit","IN","BARCLAYS BANK PLC",,0
"433950","PLATINUM","Visa","credit","IN","BARCLAYS BANK PLC",,0
"433951","CLASSIC","Visa","credit","IN","BARCLAYS BANK PLC",,0
"433973",,"Visa",,"IN",,,0
"434071","PREMIER","Visa","credit","IN","BANK OF INDIA",,0
"434081",,"Visa",,"IN","KARUR VYSYA BANK, LTD.",,0
"434672",,"Visa",,"IN","UTI BANK, LTD.",,0
"434673",,"Visa",,"IN","CENTURION BANK OF PUNJAB, LTD.",,0
"434676","CLASSIC","Visa","debit","IN","HONGKONG AND SHANGHAI BANKING CORP., LTD.",,0
"434677","CLASSIC","Visa","credit","IN","HDFC BANK, LTD.",,0
"434678","PREMIER","Visa","credit","IN","HDFC BANK, LTD.",,0
"434975","CLASSIC","Visa","credit","IN","AXIS BANK, LTD.",,0
"434990","BUSINESS","Visa","credit","IN","AXIS BANK, LTD.",,0
"435700","ELECTRON","Visa","debit","IN","ORIENTAL BANK OF COMMERCE",,0
"435708","ELECTRON","Visa","debit","IN","ORIENTAL BANK OF COMMERCE",,0
"435736","CLASSIC","Visa","debit","IN","AXIS BANK, LTD.",,0
"436303","PLATINUM","Visa","debit","IN","HDFC BANK, LTD.",,0
"436306","INFINITE","Visa","credit","IN","HDFC BANK, LTD.",,0
"436311","PLATINUM","Visa","debit","IN","STATE BANK OF INDIA",,0
"436328","CORPORATE T&E","Visa","debit","IN",,,0
"436329",,"Visa",,"IN",,,0
"436330","CORPORATE T&E","Visa","debit","IN",,,0
"436331",,"Visa","debit","IN",,,0
"436333","PREMIER","Visa","debit","IN","SYNDICATE BANK",,0
"436336","CLASSIC","Visa","debit","IN","AXIS BANK, LTD.",,0
"436359","CLASSIC","Visa","debit","IN","DHANALAKSHMI BANK, LTD.",,0
"436360","PLATINUM","Visa","debit","IN","DHANALAKSHMI BANK, LTD.",,0
"436369","PLATINUM","Visa","debit","IN",,,0
"436370",,"Visa","debit","IN",,,0
"436371",,"Visa","debit","IN",,,0
"436372","BUSINESS","Visa","debit","IN",,,0
"436388","PREMIER","Visa","credit","IN","KOTAK MAHINDRA BANK","KKBK",1
"436389","PLATINUM","Visa","credit","IN","KOTAK MAHINDRA BANK","KKBK",1
"436390","CORPORATE T&E","Visa","credit","IN","KOTAK MAHINDRA BANK","KKBK",1
"436393","PLATINUM","Visa","debit","IN",,,0
"436395","BUSINESS","Visa","debit","IN",,,0
"436408","CORPORATE T&E","Visa","debit","IN",,,0
"436409",,"Visa","debit","IN",,,0
"436410",,"Visa","debit","IN",,,0
"436412","CORPORATE T&E","Visa","debit","IN",,,0
"436413",,"Visa",,"IN",,,0
"436426","CLASSIC","Visa","debit","IN",,,0
"436427",,"Visa","debit","IN",,,0
"436428",,"Visa","debit","IN",,,0
"436430","CLASSIC","Visa","debit","IN",,,0
"436431",,"Visa",,"IN",,,0
"436437","CLASSIC","Visa","debit","IN",,,0
"436518","CLASSIC","Visa","debit","IN","AXIS BANK, LTD.",,0
"436520","BUSINESS","Visa","credit","IN","HDFC BANK, LTD.",,0
"436534","SIGNATURE","Visa","debit","IN",,,0
"436538","CLASSIC","Visa","debit","IN","UNION BANK OF INDIA",,0
"436543","PLATINUM","Visa","debit","IN",,,0
"436558","PREMIER","Visa","debit","IN",,,0
"436560","INFINITE","Visa","credit","IN","AXIS BANK, LTD.",,0
"436584","CORPORATE T&E","Visa","debit","IN",,,0
"436585",,"Visa","debit","IN",,,0
"436595","PLATINUM","Visa","debit","IN",,,0
"436596",,"Visa","debit","IN",,,0
"437364","CLASSIC","Visa","debit","IN","UNION BANK OF INDIA",,0
"437365",,"Visa","debit","IN",,,0
"437366",,"Visa","debit","IN",,,0
"437378","PLATINUM","Visa","credit","IN","ANDHRA BANK",,0
"437382","PLATINUM","Visa","debit","IN",,,0
"437383",,"Visa","debit","IN",,,0
"437384",,"Visa","debit","IN",,,0
"437385",,"Visa","debit","IN",,,0
"437386",,"Visa","debit","IN",,,0
"437387",,"Visa","debit","IN",,,0
"437388","CLASSIC","Visa","debit","IN",,,0
"437392","PLATINUM","Visa","debit","IN","SYNDICATE BANK",,0
"437400","PLATINUM","Visa","debit","IN",,,0
"437401",,"Visa","debit","IN",,,0
"437402",,"Visa","debit","IN",,,0
"437403",,"Visa","debit","IN",,,0
"437405","PLATINUM","Visa","debit","IN",,,0
"437406",,"Visa","debit","IN",,,0
"437409","PLATINUM","Visa","debit","IN",,,0
"437410","CORPORATE T&E","Visa","debit","IN","ING VYSYA BANK_, LTD.",,0
"437411",,"Visa","debit","IN",,,0
"437412",,"Visa","debit","IN",,,0
"437413",,"Visa","debit","IN",,,0
"437415","CORPORATE T&E","Visa","debit","IN","ING VYSYA BANK_, LTD.",,0
"437416",,"Visa","debit","IN",,,0
"437501","CLASSIC","Visa","debit","IN","SOUTH INDIAN BANK, LTD.",,0
"437502","PREMIER","Visa","debit","IN","SOUTH INDIAN BANK, LTD.",,0
"437503","PLATINUM","Visa","debit","IN","SOUTH INDIAN BANK, LTD.",,0
"437515",,"Visa",,"IN",,,0
"437532","CLASSIC","Visa","debit","IN","BANK OF INDIA",,0
"437546","INFINITE","Visa","credit","IN","HDFC BANK, LTD.",,0
"437547","CLASSIC","Visa","debit","IN","AXIS BANK, LTD.",,0
"437549",,"Visa",,"IN",,,0
"437551","PLATINUM","Visa","credit","IN",,,0
"437570",,"Visa",,"IN",,,0
"437706","PREMIER","Visa","debit","IN",,,0
"437737","CLASSIC","Visa","debit","IN","BARCLAY CARD",,0
"437738","PLATINUM","Visa","debit","IN","BARCLAYS BANK PLC",,0
"437748","PLATINUM","Visa","credit","IN","SBI CARDS AND PAYMENT SERVICES PTE, LTD.",,0
"437749","CLASSIC","Visa","debit","IN",,,0
"437754","CLASSIC","Visa","debit","IN","CORPORATION BANK",,0
"437891","CLASSIC","Visa","debit","IN",,,0
"437899","CLASSIC","Visa","debit","IN",,,0
"438105","CLASSIC","Visa","credit","IN","SBI CARDS AND PAYMENT SERVICES PTE, LTD.",,0
"438110",,"Visa",,"IN","CANARA BANK",,0
"438411",,"Visa","credit","IN","HSBC",,0
"438430",,"Visa","credit","IN","HSBC",,0
"438431",,"Visa","credit","IN","HSBC",,0
"438436",,"Visa","credit","IN","HSBC",,0
"438438",,"Visa","credit","IN","HSBC",,0
"438439",,"Visa","credit","IN","HSBC",,0
"438440",,"Visa","credit","IN","HSBC",,0
"438443",,"Visa","credit","IN","HSBC",,0
"438446",,"Visa","credit","IN","HSBC",,0
"438448",,"Visa","credit","IN","HSBC",,0
"438449",,"Visa","credit","IN","HSBC",,0
"438455",,"Visa","credit","IN","HSBC",,0
"438456",,"Visa","credit","IN","HSBC",,0
"438457",,"Visa","credit","IN","HSBC",,0
"438458",,"Visa","credit","IN","HSBC",,0
"438459","PREMIER","Visa","credit","IN","HONGKONG AND SHANGHAI BANKING CORP., LTD.",,0
"438465",,"Visa","credit","IN","HSBC",,0
"438468",,"Visa","credit","IN","HSBC",,0
"438477",,"Visa","credit","IN","HSBC",,0
"438478",,"Visa","credit","IN","HSBC",,0
"438479",,"Visa","credit","IN","HSBC",,0
"438495",,"Visa","credit","IN","HSBC",,0
"438498",,"Visa","credit","IN","HSBC",,0
"438587","PREMIER","Visa","credit","IN","CITIBANK",,0
"438624","CLASSIC","Visa","debit","IN","HDFC BANK, LTD.",,0
"438628","PLATINUM","Visa","credit","IN","CITIBANK",,0
"439126",,"Visa",,"IN","STANDARD CHARTERED BANK",,0
"439154","CLASSIC","Visa","credit","IN","UNION BANK OF INDIA",,0
"439155","PREMIER","Visa","credit","IN","UNION BANK OF INDIA",,0
"439173",,"Visa",,"IN","JAMMU AND KASHMIR BANK, LTD.",,0
"441283","CLASSIC","Visa","credit","IN","INDUSIND BANK, LTD.",,0
"441284","PREMIER","Visa","credit","IN","INDUSIND BANK, LTD.",,0
"441285","PLATINUM","Visa","credit","IN","INDUSIND BANK, LTD.",,0
"442378","GOLD PREMIUM","Visa","credit","IN","BANK OF BARODA",,0
"442411","PREMIER","Visa","debit","IN","YES BANK, LTD.",,0
"442419","PLATINUM","Visa","debit","IN",,,0
"442420",,"Visa","debit","IN",,,0
"442437","CLASSIC","Visa","debit","IN","DEVELOPMENT credit BANK, LTD.",,0
"444341","CLASSIC","Visa","credit","IN","ICICI BANK, LTD.",,0
"445041","CLASSIC","Visa","debit","IN","CORPORATION BANK",,0
"445063","CORPORATE T&E","Visa","debit","IN","AXIS BANK, LTD.",,0
"445064",,"Visa","debit","IN",,,0
"445065",,"Visa","debit","IN",,,0
"445068","ELECTRON","Visa","debit","IN","AXIS BANK, LTD.",,0
"445069","ELECTRON","Visa","debit","IN",,,0
"445073","PREMIER","Visa","debit","IN","AXIS BANK, LTD.",,0
"445084","CORPORATE T&E","Visa","credit","IN","ICICI BANK, LTD.",,0
"445085","CLASSIC","Visa","debit","IN",,,0
"445532","CLASSIC","Visa","debit","IN",,,0
"445533",,"Visa","debit","IN",,,0
"445534",,"Visa","debit","IN",,,0
"445535",,"Visa","debit","IN",,,0
"447692","CLASSIC","Visa","credit","IN","HONGKONG AND SHANGHAI BANKING CORP., LTD.",,0
"447746","CLASSIC","Visa","credit","IN","ICICI BANK, LTD.",,0
"447747","PREMIER","Visa","credit","IN","ICICI BANK, LTD.",,0
"447748",,"Visa",,"IN","ICICI BANK, LTD.",,0
"447758","CLASSIC","Visa","credit","IN","ICICI BANK, LTD.",,0
"450106",,"Visa",,"IN","BARCLAYS BANK PLC",,0
"450120",,"Visa",,"IN","BARCLAYS BANK PLC",,0
"450121",,"Visa",,"IN","BARCLAYS BANK PLC",,0
"450122",,"Visa",,"IN","BARCLAYS BANK PLC",,0
"450123",,"Visa",,"IN","BARCLAYS BANK PLC",,0
"450124",,"Visa",,"IN","BARCLAYS BANK PLC",,0
"450125",,"Visa",,"IN","BARCLAYS BANK PLC",,0
"450126",,"Visa",,"IN","BARCLAYS BANK PLC",,0
"450127",,"Visa",,"IN","BARCLAYS BANK PLC",,0
"450128",,"Visa",,"IN","BARCLAYS BANK PLC",,0
"450129",,"Visa",,"IN","BARCLAYS BANK PLC",,0
"450130",,"Visa",,"IN","BARCLAYS BANK PLC",,0
"450131",,"Visa",,"IN","BARCLAYS BANK PLC",,0
"450132",,"Visa",,"IN","BARCLAYS BANK PLC",,0
"450133",,"Visa",,"IN","BARCLAYS BANK PLC",,0
"450134",,"Visa",,"IN","BARCLAYS BANK PLC",,0
"450135",,"Visa",,"IN","BARCLAYS BANK PLC",,0
"450136",,"Visa",,"IN","BARCLAYS BANK PLC",,0
"450137",,"Visa",,"IN","BARCLAYS BANK PLC",,0
"450138",,"Visa",,"IN","BARCLAYS BANK PLC",,0
"450139",,"Visa",,"IN","BARCLAYS BANK PLC",,0
"450140",,"Visa",,"IN","BARCLAYS BANK PLC",,0
"450141",,"Visa",,"IN","BARCLAYS BANK PLC",,0
"450142",,"Visa",,"IN","BARCLAYS BANK PLC",,0
"450143",,"Visa",,"IN","BARCLAYS BANK PLC",,0
"450144",,"Visa",,"IN","BARCLAYS BANK PLC",,0
"450145",,"Visa",,"IN","BARCLAYS BANK PLC",,0
"450146",,"Visa",,"IN","BARCLAYS BANK PLC",,0
"450147",,"Visa",,"IN","BARCLAYS BANK PLC",,0
"450148",,"Visa",,"IN","BARCLAYS BANK PLC",,0
"450149",,"Visa",,"IN","BARCLAYS BANK PLC",,0
"450150",,"Visa",,"IN","BARCLAYS BANK PLC",,0
"450151",,"Visa",,"IN","BARCLAYS BANK PLC",,0
"450153",,"Visa",,"IN","BARCLAYS BANK PLC",,0
"450154",,"Visa",,"IN","BARCLAYS BANK PLC",,0
"450155",,"Visa",,"IN","BARCLAYS BANK PLC",,0
"450156",,"Visa",,"IN","BARCLAYS BANK PLC",,0
"450157",,"Visa",,"IN","BARCLAYS BANK PLC",,0
"450158",,"Visa",,"IN","BARCLAYS BANK PLC",,0
"450159",,"Visa",,"IN","BARCLAYS BANK PLC",,0
"450160",,"Visa",,"IN","BARCLAYS BANK PLC",,0
"450161",,"Visa",,"IN","BARCLAYS BANK PLC",,0
"450162",,"Visa",,"IN","BARCLAYS BANK PLC",,0
"450163",,"Visa",,"IN","BARCLAYS BANK PLC",,0
"450164",,"Visa",,"IN","BARCLAYS BANK PLC",,0
"450165",,"Visa",,"IN","BARCLAYS BANK PLC",,0
"450166",,"Visa",,"IN","BARCLAYS BANK PLC",,0
"450167",,"Visa",,"IN","BARCLAYS BANK PLC",,0
"450168",,"Visa",,"IN","BARCLAYS BANK PLC",,0
"450169",,"Visa",,"IN","BARCLAYS BANK PLC",,0
"450170",,"Visa",,"IN","BARCLAYS BANK PLC",,0
"450171",,"Visa",,"IN","BARCLAYS BANK PLC",,0
"450172",,"Visa",,"IN","BARCLAYS BANK PLC",,0
"450173",,"Visa",,"IN","BARCLAYS BANK PLC",,0
"450174",,"Visa",,"IN","BARCLAYS BANK PLC",,0
"450175",,"Visa",,"IN","BARCLAYS BANK PLC",,0
"450176",,"Visa",,"IN","BARCLAYS BANK PLC",,0
"450177",,"Visa",,"IN","BARCLAYS BANK PLC",,0
"450178",,"Visa",,"IN","BARCLAYS BANK PLC",,0
"450179",,"Visa",,"IN","BARCLAYS BANK PLC",,0
"450182",,"Visa",,"IN","BARCLAYS BANK PLC",,0
"450186",,"Visa",,"IN","BARCLAYS BANK PLC",,0
"450187",,"Visa",,"IN","BARCLAYS BANK PLC",,0
"450188",,"Visa",,"IN","BARCLAYS BANK PLC",,0
"450189",,"Visa",,"IN","BARCLAYS BANK PLC",,0
"450190",,"Visa",,"IN","BARCLAYS BANK PLC",,0
"450191",,"Visa",,"IN","BARCLAYS BANK PLC",,0
"450192",,"Visa",,"IN","BARCLAYS BANK PLC",,0
"450193",,"Visa",,"IN","BARCLAYS BANK PLC",,0
"450194",,"Visa",,"IN","BARCLAYS BANK PLC",,0
"450478",,"Visa","credit","IN",,,0
"450502",,"Visa","credit","IN",,,0
"450503",,"Visa","credit","IN",,,0
"450504",,"Visa","credit","IN",,,0
"450506",,"Visa","credit","IN",,,0
"450523",,"Visa","credit","IN",,,0
"450527",,"Visa","credit","IN",,,0
"450572",,"Visa",,"IN","STANDARD CHARTERED BANK",,0
"450623","CLASSIC","Visa","credit","IN","ANDHRA BANK",,0
"450720",,"Visa",,"IN","BANK OF AMERICA N.T. AND, S.A.",,0
"450721",,"Visa",,"IN","BANK OF AMERICA N.T. AND, S.A.",,0
"450900","BUSINESS","Visa","credit","IN","CITIBANK",,0
"451104",,"Visa",,"IN",,,0
"451150","CLASSIC","Visa","credit","IN","ANDHRA BANK",,0
"451452","PLATINUM","Visa","credit","IN",,,0
"451455","PLATINUM","Visa","credit","IN",,,0
"451456","PLATINUM","Visa","credit","IN",,,0
"451457","PLATINUM","Visa","credit","IN",,,0
"451458","PLATINUM","Visa","credit","IN",,,0
"451459","PLATINUM","Visa","credit","IN",,,0
"451460","PLATINUM","Visa","credit","IN",,,0
"451469",,"Visa",,"IN","ORIENTAL BANK OF COMMERCE",,0
"451487",,"Visa",,"IN","BANK OF INDIA",,0
"451840","BUSINESS","Visa","credit","IN","CANARA BANK",,0
"452055",,"Visa",,"IN",,,0
"452059","CLASSIC","Visa","credit","IN",,,0
"452497",,"Visa",,"IN","STANDARD CHARTERED BANK",,0
"453757",,"Visa",,"IN",,,0
"453992","PREMIER","Visa","credit","IN","ANDHRA BANK",,0
"453995","GOLD PREMIUM","Visa","credit","IN","ANDHRA BANK",,0
"454107",,"Visa","debit","IN","STANDARD CHARTERED BANK INDIA",,0
"454180",,"Visa","debit","IN","STANDARD CHARTERED BANK INDIA",,0
"454181",,"Visa","debit","IN","STANDARD CHARTERED BANK INDIA",,0
"454198","PLATINUM","Visa","credit","IN","STANDARD CHARTERED BANK",,0
"454362","CLASSIC","Visa","credit","IN","CANARA BANK",,0
"454363","CLASSIC","Visa","credit","IN","CANARA BANK",,0
"454485","CLASSIC","Visa","credit","IN","CENTRAL BANK OF INDIA",,0
"455038","CLASSIC","Visa","credit","IN","CITIBANK",,0
"455390","CORPORATE T&E","Visa","credit","IN","CITIBANK",,0
"455446","PLATINUM","Visa","debit","IN","ICICI BANK, LTD.",,0
"455451","PLATINUM","Visa","debit","IN","ICICI BANK, LTD.",,0
"455452","CLASSIC","Visa","debit","IN","ICICI BANK, LTD.",,0
"455454","CLASSIC","Visa","debit","IN","STATE BANK OF INDIA",,0
"456342","CLASSIC","Visa","credit","IN","HONGKONG AND SHANGHAI BANKING CORP., LTD.",,0
"456398","CLASSIC","Visa","credit","IN","STANDARD CHARTERED BANK",,0
"456407","BUSINESS","Visa","credit","IN","CITIBANK",,0
"456719","PREMIER","Visa","credit","IN","HONGKONG AND SHANGHAI BANKING CORP., LTD.",,0
"456822","CLASSIC","Visa","credit","IN","CITIBANK",,0
"457036","BUSINESS","Visa","credit","IN","STANDARD CHARTERED BANK",,0
"457262","SIGNATURE BUSINESS","Visa","credit","IN","HDFC BANK, LTD.",,0
"457274","PLATINUM","Visa","debit","IN",,,0
"457323","CLASSIC","Visa","debit","IN",,,0
"457355","CLASSIC","Visa","debit","IN",,,0
"457357",,"Visa",,"IN",,,0
"457392","CLASSIC","Visa","debit","IN",,,0
"457474","BUSINESS","Visa","debit","IN",,,0
"457486","PREMIER","Visa","debit","IN",,,0
"457487","SIGNATURE","Visa","debit","IN",,,0
"457488","PLATINUM","Visa","debit","IN",,,0
"457500","SIGNATURE","Visa","debit","IN","DBS BANK, LTD.",,0
"457514",,"Visa",,"IN",,,0
"457528",,"Visa","debit","IN",,,0
"457552",,"Visa",,"IN",,,0
"457553",,"Visa",,"IN",,,0
"457580",,"Visa",,"IN",,,0
"457581",,"Visa",,"IN",,,0
"457582",,"Visa",,"IN",,,0
"457583",,"Visa",,"IN",,,0
"457584",,"Visa",,"IN",,,0
"457585",,"Visa",,"IN",,,0
"457586",,"Visa",,"IN",,,0
"457587",,"Visa",,"IN",,,0
"457588",,"Visa",,"IN",,,0
"457589",,"Visa",,"IN",,,0
"457590",,"Visa",,"IN",,,0
"457597",,"Visa",,"IN",,,0
"457623",,"Visa",,"IN",,,0
"457624",,"Visa",,"IN",,,0
"457625",,"Visa","debit","IN",,,0
"457626",,"Visa","debit","IN",,,0
"457704",,"Visa",,"IN",,,0
"457741",,"Visa",,"IN",,,0
"457742",,"Visa",,"IN",,,0
"457743",,"Visa",,"IN",,,0
"458104","CLASSIC","Visa","debit","IN","IDBI BANK, LTD.",,0
"458105","CLASSIC","Visa","debit","IN","TARJETAS BCT, S.A.",,0
"458110","CLASSIC","Visa","debit","IN","IDBI BANK, LTD.",,0
"458112","CLASSIC","Visa","debit","IN","IDBI BANK, LTD.",,0
"458118","PLATINUM","Visa","debit","IN","IDBI BANK, LTD.",,0
"458134","CLASSIC","Visa","debit","IN","IDBI BANK, LTD.",,0
"458135","CLASSIC","Visa","debit","IN","IDBI BANK, LTD.",,0
"458136","CLASSIC","Visa","debit","IN","IDBI BANK, LTD.",,0
"458139","CLASSIC","Visa","debit","IN","IDBI BANK, LTD.",,0
"458140","CLASSIC","Visa","debit","IN","IDBI BANK, LTD.",,0
"458159","CLASSIC","Visa","debit","IN","IDBI BANK, LTD.",,0
"458451","CLASSIC","Visa","debit","IN","CORPORATION BANK",,0
"458452","PREMIER","Visa","debit","IN","CORPORATION BANK",,0
"458545","PLATINUM","Visa","debit","IN",,,0
"458546",,"Visa","debit","IN",,,0
"458576",,"Visa",,"IN","CORPORATION BANK",,0
"458585",,"Visa",,"IN","CENTRAL BANK OF INDIA",,0
"458599",,"Visa",,"IN","AXIS BANK, LTD.",,0
"458777","CLASSIC","Visa","debit","IN","IDBI BANK, LTD.",,0
"458778","PREMIER","Visa","debit","IN","IDBI BANK, LTD.",,0
"459150","CLASSIC","Visa","debit","IN",,,0
"459151",,"Visa","debit","IN",,,0
"459152","PREMIER","Visa","debit","IN",,,0
"459153","PLATINUM","Visa","debit","IN",,,0
"459154","PREMIER","Visa","debit","IN","STATE BANK OF INDIA",,0
"459155","PREMIER","Visa","debit","IN",,,0
"459156",,"Visa","debit","IN",,,0
"459157",,"Visa","debit","IN",,,0
"459158",,"Visa","debit","IN",,,0
"459159",,"Visa",,"IN",,,0
"459160",,"Visa",,"IN",,,0
"459161",,"Visa","debit","IN",,,0
"459162",,"Visa","debit","IN",,,0
"459163",,"Visa","debit","IN",,,0
"459164",,"Visa",,"IN",,,0
"459165",,"Visa",,"IN",,,0
"459166",,"Visa","debit","IN",,,0
"459167",,"Visa","debit","IN",,,0
"459168",,"Visa","debit","IN",,,0
"459169",,"Visa",,"IN",,,0
"459170",,"Visa",,"IN",,,0
"459171",,"Visa","debit","IN",,,0
"459172",,"Visa","debit","IN",,,0
"459173",,"Visa","debit","IN",,,0
"459174",,"Visa",,"IN",,,0
"459175",,"Visa",,"IN",,,0
"459176",,"Visa","debit","IN",,,0
"459177",,"Visa","debit","IN",,,0
"459178",,"Visa","debit","IN",,,0
"459179",,"Visa",,"IN",,,0
"459180",,"Visa",,"IN",,,0
"459181","PREMIER","Visa","debit","IN",,,0
"459182",,"Visa",,"IN",,,0
"459183",,"Visa",,"IN",,,0
"459184",,"Visa",,"IN",,,0
"459185",,"Visa",,"IN",,,0
"459186",,"Visa",,"IN",,,0
"459187",,"Visa",,"IN",,,0
"459188",,"Visa",,"IN",,,0
"459189",,"Visa",,"IN",,,0
"459200",,"Visa",,"IN",,,0
"459201",,"Visa",,"IN",,,0
"459202",,"Visa",,"IN",,,0
"459203",,"Visa",,"IN",,,0
"459204",,"Visa",,"IN",,,0
"459205",,"Visa",,"IN",,,0
"459557","SIGNATURE","Visa","debit","IN",,,0
"459815",,"Visa",,"IN",,,0
"459816",,"Visa",,"IN",,,0
"459845",,"Visa",,"IN",,,0
"459890",,"Visa",,"IN",,,0
"461111","PLATINUM","Visa","debit","IN","HDFC BANK, LTD.",,0
"461112",,"Visa","debit","IN",,,0
"461113",,"Visa","debit","IN",,,0
"461116","PLATINUM","Visa","credit","IN","AXIS BANK, LTD.",,0
"461117","PREMIER","Visa","credit","IN","AXIS BANK, LTD.",,0
"461118","SIGNATURE","Visa","credit","IN","AXIS BANK, LTD.",,0
"461133",,"Visa",,"IN",,,0
"461134","BUSINESS","Visa","debit","IN",,,0
"461148","CLASSIC","Visa","debit","IN","BANK OF BARODA",,0
"461701",,"Visa",,"IN",,,0
"461704","CLASSIC","Visa","credit","IN","HONGKONG AND SHANGHAI BANKING CORP., LTD.",,0
"461707","CLASSIC","Visa","credit","IN",,,0
"461708",,"Visa",,"IN",,,0
"461709","SIGNATURE","Visa","credit","IN",,,0
"461714","PREMIER","Visa","credit","IN",,,0
"461715","BUSINESS","Visa","credit","IN",,,0
"461716","PLATINUM","Visa","credit","IN",,,0
"461721","PLATINUM","Visa","credit","IN",,,0
"461722",,"Visa",,"IN",,,0
"461730","CLASSIC","Visa","debit","IN","DHANALAKSHMI BANK, LTD.",,0
"461732","PLATINUM","Visa","debit","IN",,,0
"461749","CORPORATE T&E","Visa","credit","IN","ICICI BANK, LTD.",,0
"461759",,"Visa",,"IN",,,0
"461786","PLATINUM","Visa","credit","IN","HDFC BANK, LTD.",,0
"461787","SIGNATURE","Visa","credit","IN","HDFC BANK, LTD.",,0
"461796","PREMIER","Visa","credit","IN",,,0
"461797",,"Visa",,"IN",,,0
"461928","CLASSIC","Visa","debit","IN","JPMORGAN CHASE BANK INDIA",,0
"461933","CLASSIC","Visa","debit","IN","CITY UNION BANK LTD",,0
"461934","PREMIER","Visa","debit","IN","CITY UNION BANK LTD",,0
"461940","CORPORATE T&E","Visa","credit","IN","CANARA BANK",,0
"461991","CORPORATE T&E","Visa","debit","IN","AXIS BANK, LTD.",,0
"461992",,"Visa","debit","IN",,,0
"461999","PREMIER","Visa","debit","IN","KARNATAKA BANK, LTD.",,0
"462242","PREMIER","Visa","credit","IN","CENTRAL BANK OF INDIA",,0
"462243","PLATINUM","Visa","credit","IN","CENTRAL BANK OF INDIA",,0
"462244","CLASSIC","Visa","debit","IN","CENTRAL BANK OF INDIA",,0
"462264","CLASSIC","Visa","debit","IN","CANARA BANK",,0
"462269","PLATINUM","Visa","debit","IN",,,0
"462270",,"Visa","debit","IN",,,0
"462271","PLATINUM","Visa","credit","IN","STANDARD CHARTERED BANK",,0
"462272","PLATINUM","Visa","debit","IN",,,0
"462273","PLATINUM","Visa","credit","IN",,,0
"462409","BUSINESS","Visa","credit","IN",,,0
"462411",,"Visa",,"IN",,,0
"462412",,"Visa",,"IN",,,0
"462413",,"Visa",,"IN",,,0
"462415",,"Visa",,"IN",,,0
"462477",,"Visa",,"IN",,,0
"462488",,"Visa",,"IN",,,0
"462490",,"Visa",,"IN",,,0
"462491",,"Visa",,"IN",,,0
"462494",,"Visa",,"IN",,,0
"462495",,"Visa",,"IN",,,0
"462750","TRAVEL MONEY","Visa","debit","IN","INTERPAYMENT SERVICES, LTD.",,0
"462846","CLASSIC","Visa","credit","IN",,,0
"462847","PREMIER","Visa","credit","IN",,,0
"462848","PLATINUM","Visa","credit","IN",,,0
"462851","BUSINESS","Visa","debit","IN","KARUR VYSYA BANK, LTD.",,0
"462858","CORPORATE T&E","Visa","debit","IN","AXIS BANK, LTD.",,0
"462859",,"Visa","debit","IN",,,0
"462860",,"Visa","debit","IN",,,0
"462861",,"Visa","debit","IN",,,0
"462862",,"Visa","debit","IN",,,0
"462863",,"Visa","debit","IN",,,0
"462864",,"Visa","debit","IN",,,0
"462865",,"Visa","debit","IN",,,0
"462866",,"Visa","debit","IN",,,0
"462904","BUSINESS","Visa","debit","IN","ICICI BANK, LTD.",,0
"462952","CORPORATE T&E","Visa","debit","IN","ICICI BANK, LTD.",,0
"462963","CLASSIC","Visa","credit","IN","UNION BANK OF INDIA",,0
"462986","PLATINUM","Visa","credit","IN","ICICI BANK, LTD.",,0
"462994","PLATINUM","Visa","credit","IN",,,0
"462996","CORPORATE T&E","Visa","debit","IN",,,0
"462999","CLASSIC","Visa","debit","IN","ICICI BANK, LTD.",,0
"463216",,"Visa",,"IN",,,0
"463217",,"Visa",,"IN",,,0
"463228",,"Visa",,"IN",,,0
"463237",,"Visa",,"IN",,,0
"463238",,"Visa",,"IN",,,0
"463665","PLATINUM","Visa","debit","IN","STANDARD CHARTERED BANK",,0
"463733","CLASSIC","Visa","debit","IN","UNION BANK OF INDIA",,0
"463786","CLASSIC","Visa","debit","IN","STATE BANK OF INDIA",,0
"463787","BUSINESS","Visa","credit","IN","INDUSIND BANK, LTD.",,0
"463795","CLASSIC","Visa","debit","IN",,,0
"463908",,"Visa",,"IN","STANDARD CHARTERED BANK",,0
"463920","CLASSIC","Visa","credit","IN","BANK OF BARODA",,0
"463921","PREMIER","Visa","credit","IN","BANK OF BARODA",,0
"464558","CORPORATE T&E","Visa","credit","IN",,,0
"464559","PREMIER","Visa","debit","IN",,,0
"464560",,"Visa",,"IN",,,0
"464561",,"Visa",,"IN",,,0
"464958","CORPORATE T&E","Visa","credit","IN",,,0
"464963","CLASSIC","Visa","debit","IN","KARNATAKA BANK, LTD.",,0
"464970","CLASSIC","Visa","debit","IN","ICICI BANK, LTD.",,0
"464978","CORPORATE T&E","Visa","credit","IN",,,0
"466059","CLASSIC","Visa","debit","IN","IDBI BANK, LTD.",,0
"466256","BUSINESS","Visa","debit","IN","DBS BANK, LTD.",,0
"466257","BUSINESS","Visa","debit","IN","DBS BANK, LTD.",,0
"466517",,"Visa",,"IN",,,0
"466518",,"Visa",,"IN",,,0
"466519",,"Visa",,"IN",,,0
"466520",,"Visa",,"IN",,,0
"466521",,"Visa",,"IN",,,0
"466535","CLASSIC","Visa","debit","IN",,,0
"466545",,"Visa",,"IN",,,0
"466546",,"Visa",,"IN",,,0
"466547",,"Visa",,"IN",,,0
"466567",,"Visa","debit","IN",,,0
"466592",,"Visa",,"IN",,,0
"466593",,"Visa",,"IN",,,0
"466594",,"Visa",,"IN",,,0
"466595",,"Visa",,"IN",,,0
"466597",,"Visa",,"IN",,,0
"466704","CLASSIC","Visa","debit","IN","ICICI BANK, LTD.",,0
"466706","CLASSIC","Visa","debit","IN","ICICI BANK, LTD.",,0
"466730","CLASSIC","Visa","debit","IN","ICICI BANK, LTD.",,0
"466731","CLASSIC","Visa","debit","IN","ICICI BANK, LTD.",,0
"467029",,"Visa",,"IN",,,0
"467030",,"Visa",,"IN",,,0
"467031",,"Visa",,"IN",,,0
"467190","PREMIER","Visa","credit","IN","HONGKONG AND SHANGHAI BANKING CORP., LTD.",,0
"467191","CLASSIC","Visa","credit","IN","HONGKONG AND SHANGHAI BANKING CORP., LTD.",,0
"467741","CORPORATE T&E","Visa","credit","IN","HDFC BANK, LTD.",,0
"467742",,"Visa",,"IN",,,0
"467878","CLASSIC","Visa","debit","IN","DEVELOPMENT credit BANK, LTD.",,0
"467879",,"Visa","debit","IN","FIRST USA BANK",,0
"467880",,"Visa","debit","IN","FIRST USA BANK",,0
"467881",,"Visa","debit","IN","FIRST USA BANK",,0
"467882",,"Visa",,"IN","FIRST USA BANK",,0
"467937","CLASSIC","Visa","debit","IN","LAKSHMI VILAS BANK",,0
"467967","CORPORATE T&E","Visa","debit","IN",,,0
"467968",,"Visa","debit","IN",,,0
"468545",,"Visa",,"IN",,,0
"468556","BUSINESS","Visa","debit","IN",,,0
"468557",,"Visa","debit","IN",,,0
"468560","CLASSIC","Visa","debit","IN",,,0
"468742",,"Visa",,"IN",,,0
"468743",,"Visa",,"IN",,,0
"468772",,"Visa",,"IN",,,0
"468799",,"Visa",,"IN",,,0
"468805","ELECTRON","Visa","debit","IN","AXIS BANK, LTD.",,0
"468817","ELECTRON","Visa","debit","IN","ANDHRA BANK",,0
"468822","ELECTRON","Visa","debit","IN","IDBI BANK, LTD.",,0
"468943",,"Visa","credit","IN",,,0
"469330","PLATINUM","Visa","debit","IN",,,0
"469353","BUSINESS","Visa","debit","IN",,,0
"469375","PLATINUM","Visa","debit","IN",,,0
"469386","CORPORATE T&E","Visa","debit","IN","IDBI BANK, LTD.",,0
"469387",,"Visa","debit","IN",,,0
"469388",,"Visa","debit","IN",,,0
"469568","ELECTRON","Visa","debit","IN","DENA BANK",,0
"469583",,"Visa",,"IN","STANDARD CHARTERED BANK",,0
"469643","SIGNATURE","Visa","debit","IN",,,0
"469644","CLASSIC","Visa","debit","IN",,,0
"469645","BUSINESS","Visa","debit","IN","KOTAK MAHINDRA BANK, LTD.",,0
"469646",,"Visa","debit","IN",,,0
"470003",,"Visa",,"IN",,,0
"470006",,"Visa",,"IN",,,0
"470039",,"Visa",,"IN",,,0
"470042",,"Visa",,"IN",,,0
"470053",,"Visa",,"IN",,,0
"470061",,"Visa",,"IN",,,0
"470062",,"Visa",,"IN",,,0
"470063",,"Visa",,"IN",,,0
"470064",,"Visa",,"IN",,,0
"470065",,"Visa",,"IN",,,0
"470066",,"Visa",,"IN",,,0
"470067",,"Visa",,"IN",,,0
"470068",,"Visa",,"IN",,,0
"470069",,"Visa",,"IN",,,0
"470070",,"Visa",,"IN",,,0
"470071",,"Visa",,"IN",,,0
"470072",,"Visa",,"IN",,,0
"470073",,"Visa",,"IN",,,0
"470074",,"Visa",,"IN",,,0
"470075",,"Visa",,"IN",,,0
"470076",,"Visa",,"IN",,,0
"470077",,"Visa",,"IN",,,0
"470078",,"Visa",,"IN",,,0
"470079",,"Visa",,"IN",,,0
"470080",,"Visa",,"IN",,,0
"470081",,"Visa",,"IN",,,0
"470082",,"Visa",,"IN",,,0
"470083",,"Visa",,"IN",,,0
"470084",,"Visa",,"IN",,,0
"470085",,"Visa",,"IN",,,0
"470086",,"Visa",,"IN",,,0
"470087",,"Visa",,"IN",,,0
"470088",,"Visa",,"IN",,,0
"470089",,"Visa",,"IN",,,0
"470090",,"Visa",,"IN",,,0
"470154",,"Visa",,"IN",,,0
"470163",,"Visa",,"IN",,,0
"470164",,"Visa",,"IN",,,0
"470170",,"Visa",,"IN",,,0
"470171",,"Visa",,"IN",,,0
"470172",,"Visa",,"IN",,,0
"470173",,"Visa",,"IN",,,0
"470174",,"Visa",,"IN",,,0
"470175",,"Visa",,"IN",,,0
"470176",,"Visa",,"IN",,,0
"470177",,"Visa",,"IN",,,0
"470178",,"Visa",,"IN",,,0
"470179",,"Visa",,"IN",,,0
"470180",,"Visa",,"IN",,,0
"470181",,"Visa",,"IN",,,0
"470185",,"Visa",,"IN",,,0
"470192",,"Visa",,"IN",,,0
"470194",,"Visa",,"IN",,,0
"470196",,"Visa",,"IN",,,0
"470197",,"Visa",,"IN",,,0
"470201",,"Visa",,"IN",,,0
"470202",,"Visa",,"IN",,,0
"470203",,"Visa",,"IN",,,0
"470204",,"Visa",,"IN",,,0
"470205",,"Visa",,"IN",,,0
"470206",,"Visa",,"IN",,,0
"470207",,"Visa",,"IN",,,0
"470208",,"Visa",,"IN",,,0
"470209",,"Visa",,"IN",,,0
"470210",,"Visa",,"IN",,,0
"470211",,"Visa",,"IN",,,0
"470212",,"Visa",,"IN",,,0
"470213",,"Visa",,"IN",,,0
"470214",,"Visa",,"IN",,,0
"470215",,"Visa",,"IN",,,0
"470216",,"Visa",,"IN",,,0
"470217",,"Visa",,"IN",,,0
"470218",,"Visa",,"IN",,,0
"470219",,"Visa",,"IN",,,0
"470220",,"Visa",,"IN",,,0
"470221",,"Visa",,"IN",,,0
"470222",,"Visa",,"IN",,,0
"470223",,"Visa",,"IN",,,0
"470224",,"Visa",,"IN",,,0
"470225",,"Visa",,"IN",,,0
"470226",,"Visa",,"IN",,,0
"470227",,"Visa",,"IN",,,0
"470228",,"Visa",,"IN",,,0
"470229",,"Visa",,"IN",,,0
"470230",,"Visa",,"IN",,,0
"470231",,"Visa",,"IN",,,0
"470232",,"Visa",,"IN",,,0
"470233",,"Visa",,"IN",,,0
"470234",,"Visa",,"IN",,,0
"470235",,"Visa",,"IN",,,0
"470236",,"Visa",,"IN",,,0
"470237",,"Visa",,"IN",,,0
"470238",,"Visa",,"IN",,,0
"470239",,"Visa",,"IN",,,0
"470240",,"Visa",,"IN",,,0
"470241",,"Visa",,"IN",,,0
"470242",,"Visa",,"IN",,,0
"470243",,"Visa",,"IN",,,0
"470244",,"Visa",,"IN",,,0
"470245",,"Visa",,"IN",,,0
"470246",,"Visa",,"IN",,,0
"470247",,"Visa",,"IN",,,0
"470248",,"Visa",,"IN",,,0
"470249",,"Visa",,"IN",,,0
"470250",,"Visa",,"IN",,,0
"470251",,"Visa",,"IN",,,0
"470252",,"Visa",,"IN",,,0
"470253",,"Visa",,"IN",,,0
"470254",,"Visa",,"IN",,,0
"470255",,"Visa",,"IN",,,0
"470256",,"Visa",,"IN",,,0
"470257",,"Visa",,"IN",,,0
"470258",,"Visa",,"IN",,,0
"470259",,"Visa",,"IN",,,0
"470260",,"Visa",,"IN",,,0
"470261",,"Visa",,"IN",,,0
"470262",,"Visa",,"IN",,,0
"470263",,"Visa",,"IN",,,0
"470264",,"Visa",,"IN",,,0
"470265",,"Visa",,"IN",,,0
"470266",,"Visa",,"IN",,,0
"470267",,"Visa",,"IN",,,0
"470268",,"Visa",,"IN",,,0
"470269",,"Visa",,"IN",,,0
"470270",,"Visa",,"IN",,,0
"470271",,"Visa",,"IN",,,0
"470272",,"Visa",,"IN",,,0
"470273",,"Visa",,"IN",,,0
"470274",,"Visa",,"IN",,,0
"470275",,"Visa",,"IN",,,0
"470276",,"Visa",,"IN",,,0
"470277",,"Visa",,"IN",,,0
"470278",,"Visa",,"IN",,,0
"470279",,"Visa",,"IN",,,0
"470280",,"Visa",,"IN",,,0
"470281",,"Visa",,"IN",,,0
"470282",,"Visa",,"IN",,,0
"470283",,"Visa",,"IN",,,0
"470284",,"Visa",,"IN",,,0
"470285",,"Visa",,"IN",,,0
"470286",,"Visa",,"IN",,,0
"470287",,"Visa",,"IN",,,0
"470288",,"Visa",,"IN",,,0
"470289",,"Visa",,"IN",,,0
"470290",,"Visa",,"IN",,,0
"470291",,"Visa",,"IN",,,0
"470292",,"Visa",,"IN",,,0
"470293",,"Visa",,"IN",,,0
"470294",,"Visa",,"IN",,,0
"470295",,"Visa",,"IN",,,0
"470296",,"Visa",,"IN",,,0
"470297",,"Visa",,"IN",,,0
"470298",,"Visa",,"IN",,,0
"470299",,"Visa",,"IN",,,0
"470332",,"Visa",,"IN",,,0
"470333",,"Visa",,"IN",,,0
"470334",,"Visa",,"IN",,,0
"470335",,"Visa",,"IN",,,0
"470337",,"Visa",,"IN",,,0
"470338",,"Visa",,"IN",,,0
"470339",,"Visa",,"IN",,,0
"470340",,"Visa",,"IN",,,0
"470341",,"Visa",,"IN",,,0
"470344",,"Visa",,"IN",,,0
"470345",,"Visa",,"IN",,,0
"470348",,"Visa",,"IN",,,0
"470349",,"Visa",,"IN",,,0
"470353",,"Visa",,"IN",,,0
"470354",,"Visa",,"IN",,,0
"470355",,"Visa",,"IN",,,0
"470359",,"Visa",,"IN",,,0
"470362",,"Visa",,"IN",,,0
"470364",,"Visa",,"IN",,,0
"470366",,"Visa",,"IN",,,0
"470367",,"Visa",,"IN",,,0
"470368",,"Visa",,"IN",,,0
"470369",,"Visa",,"IN",,,0
"470370",,"Visa",,"IN",,,0
"470371",,"Visa",,"IN",,,0
"470380",,"Visa",,"IN",,,0
"470381",,"Visa",,"IN",,,0
"470382",,"Visa",,"IN",,,0
"470383",,"Visa",,"IN",,,0
"470386",,"Visa",,"IN",,,0
"470387",,"Visa",,"IN",,,0
"470388",,"Visa",,"IN",,,0
"470389",,"Visa",,"IN",,,0
"470390",,"Visa",,"IN",,,0
"470391",,"Visa",,"IN",,,0
"470392",,"Visa",,"IN",,,0
"470393",,"Visa",,"IN",,,0
"470396",,"Visa",,"IN",,,0
"470397",,"Visa",,"IN",,,0
"470398",,"Visa",,"IN",,,0
"470400",,"Visa",,"IN",,,0
"470427",,"Visa",,"IN",,,0
"470428",,"Visa",,"IN",,,0
"470431",,"Visa",,"IN",,,0
"470436",,"Visa",,"IN",,,0
"470441","CLASSIC","Visa","credit","IN",,,0
"470444",,"Visa",,"IN",,,0
"470447",,"Visa",,"IN",,,0
"470450",,"Visa",,"IN",,,0
"470453",,"Visa",,"IN",,,0
"470454",,"Visa",,"IN",,,0
"470456","PLATINUM","Visa","debit","IN",,,0
"470457",,"Visa",,"IN",,,0
"470458",,"Visa",,"IN",,,0
"470459",,"Visa",,"IN",,,0
"470461",,"Visa",,"IN",,,0
"470462",,"Visa",,"IN",,,0
"470463",,"Visa",,"IN",,,0
"470464",,"Visa",,"IN",,,0
"470470",,"Visa",,"IN",,,0
"470471",,"Visa",,"IN",,,0
"470472",,"Visa",,"IN",,,0
"470473",,"Visa",,"IN",,,0
"470474",,"Visa",,"IN",,,0
"470475",,"Visa",,"IN",,,0
"470476",,"Visa",,"IN",,,0
"470477",,"Visa",,"IN",,,0
"470479",,"Visa",,"IN",,,0
"470480",,"Visa",,"IN",,,0
"470481",,"Visa",,"IN",,,0
"470482",,"Visa",,"IN",,,0
"470483",,"Visa",,"IN",,,0
"470485",,"Visa",,"IN",,,0
"470486",,"Visa",,"IN",,,0
"470487",,"Visa",,"IN",,,0
"470488",,"Visa",,"IN",,,0
"470490",,"Visa",,"IN",,,0
"470491",,"Visa",,"IN",,,0
"470492",,"Visa",,"IN",,,0
"470493",,"Visa",,"IN",,,0
"470494",,"Visa",,"IN",,,0
"470495",,"Visa",,"IN",,,0
"470496",,"Visa",,"IN",,,0
"470528",,"Visa",,"IN",,,0
"470533",,"Visa",,"IN",,,0
"470535",,"Visa",,"IN",,,0
"470536",,"Visa",,"IN",,,0
"470537",,"Visa",,"IN",,,0
"470539",,"Visa",,"IN",,,0
"470540",,"Visa",,"IN",,,0
"470541",,"Visa",,"IN",,,0
"470545",,"Visa",,"IN",,,0
"470546",,"Visa",,"IN",,,0
"470555",,"Visa",,"IN",,,0
"470557",,"Visa",,"IN",,,0
"470559",,"Visa",,"IN",,,0
"470560",,"Visa",,"IN",,,0
"470561",,"Visa",,"IN",,,0
"470562",,"Visa",,"IN",,,0
"470566",,"Visa",,"IN",,,0
"470567",,"Visa",,"IN",,,0
"470569",,"Visa",,"IN",,,0
"470571",,"Visa",,"IN",,,0
"470573","PLATINUM","Visa","credit","IN","ICICI BANK, LTD.",,0
"470574",,"Visa",,"IN",,,0
"470575",,"Visa",,"IN",,,0
"470576",,"Visa",,"IN",,,0
"470577",,"Visa",,"IN",,,0
"470589","BUSINESS","Visa","debit","IN","ICICI BANK, LTD.",,0
"470590",,"Visa",,"IN",,,0
"470591",,"Visa",,"IN",,,0
"470594",,"Visa",,"IN",,,0
"470595",,"Visa",,"IN",,,0
"470596",,"Visa",,"IN",,,0
"470597",,"Visa",,"IN",,,0
"470600",,"Visa",,"IN",,,0
"470601",,"Visa",,"IN",,,0
"470604",,"Visa",,"IN",,,0
"470605",,"Visa",,"IN",,,0
"470606",,"Visa",,"IN",,,0
"470607",,"Visa",,"IN",,,0
"470610",,"Visa",,"IN",,,0
"470611",,"Visa",,"IN",,,0
"470612",,"Visa",,"IN",,,0
"470613","PLATINUM","Visa","debit","IN","KOTAK MAHINDRA BANK, LTD.",,0
"470614",,"Visa","debit","IN",,,0
"470615",,"Visa",,"IN",,,0
"470619",,"Visa",,"IN",,,0
"470622",,"Visa",,"IN",,,0
"470623",,"Visa",,"IN",,,0
"470632",,"Visa",,"IN",,,0
"470633",,"Visa",,"IN",,,0
"470634",,"Visa",,"IN",,,0
"470635",,"Visa",,"IN",,,0
"470636",,"Visa",,"IN",,,0
"470638",,"Visa",,"IN",,,0
"470641",,"Visa",,"IN",,,0
"470643",,"Visa",,"IN",,,0
"470650",,"Visa",,"IN",,,0
"470656",,"Visa",,"IN",,,0
"470657",,"Visa",,"IN",,,0
"470658",,"Visa",,"IN",,,0
"470659",,"Visa",,"IN",,,0
"470660",,"Visa",,"IN",,,0
"470663",,"Visa",,"IN",,,0
"470664",,"Visa",,"IN",,,0
"470666",,"Visa",,"IN",,,0
"470667",,"Visa",,"IN",,,0
"470668",,"Visa",,"IN",,,0
"470669",,"Visa",,"IN",,,0
"470671",,"Visa",,"IN",,,0
"470672",,"Visa",,"IN",,,0
"470682",,"Visa",,"IN",,,0
"470683",,"Visa",,"IN",,,0
"470684",,"Visa",,"IN",,,0
"470685",,"Visa",,"IN",,,0
"470689",,"Visa",,"IN",,,0
"470697",,"Visa",,"IN",,,0
"470730",,"Visa",,"IN",,,0
"470767",,"Visa",,"IN",,,0
"470770",,"Visa",,"IN",,,0
"470771",,"Visa",,"IN",,,0
"470772",,"Visa",,"IN",,,0
"470822",,"Visa",,"IN",,,0
"470823",,"Visa",,"IN",,,0
"470843",,"Visa",,"IN",,,0
"470845",,"Visa",,"IN",,,0
"470848",,"Visa",,"IN",,,0
"470849",,"Visa",,"IN",,,0
"470855",,"Visa",,"IN",,,0
"470856",,"Visa",,"IN",,,0
"470857",,"Visa",,"IN",,,0
"470859",,"Visa",,"IN",,,0
"470862",,"Visa",,"IN",,,0
"470866",,"Visa",,"IN",,,0
"470867",,"Visa",,"IN",,,0
"470869",,"Visa",,"IN",,,0
"470870",,"Visa",,"IN",,,0
"470871",,"Visa",,"IN",,,0
"470872",,"Visa",,"IN",,,0
"470873",,"Visa",,"IN",,,0
"470874",,"Visa",,"IN",,,0
"470878",,"Visa",,"IN",,,0
"470879",,"Visa",,"IN",,,0
"470880",,"Visa",,"IN",,,0
"470881",,"Visa",,"IN",,,0
"470883",,"Visa",,"IN",,,0
"470885",,"Visa",,"IN",,,0
"470886",,"Visa",,"IN",,,0
"470887",,"Visa",,"IN",,,0
"470888",,"Visa",,"IN",,,0
"470889",,"Visa",,"IN",,,0
"470900",,"Visa",,"IN",,,0
"470901",,"Visa",,"IN",,,0
"470902",,"Visa",,"IN",,,0
"470903",,"Visa",,"IN",,,0
"470904",,"Visa",,"IN",,,0
"470905",,"Visa",,"IN",,,0
"470906",,"Visa",,"IN",,,0
"470907",,"Visa",,"IN",,,0
"470908",,"Visa",,"IN",,,0
"470909",,"Visa",,"IN",,,0
"470910",,"Visa",,"IN",,,0
"470911",,"Visa",,"IN",,,0
"470912",,"Visa",,"IN",,,0
"470913",,"Visa",,"IN",,,0
"470914",,"Visa",,"IN",,,0
"470915",,"Visa",,"IN",,,0
"470917",,"Visa",,"IN",,,0
"470918",,"Visa",,"IN",,,0
"470919",,"Visa",,"IN",,,0
"470920",,"Visa",,"IN",,,0
"470921",,"Visa",,"IN",,,0
"470923",,"Visa",,"IN",,,0
"470924",,"Visa",,"IN",,,0
"470930",,"Visa",,"IN",,,0
"470931",,"Visa",,"IN",,,0
"470932",,"Visa",,"IN",,,0
"470933",,"Visa",,"IN",,,0
"470934",,"Visa",,"IN",,,0
"470935",,"Visa",,"IN",,,0
"470936",,"Visa",,"IN",,,0
"470937",,"Visa",,"IN",,,0
"470938",,"Visa",,"IN",,,0
"470939",,"Visa",,"IN",,,0
"470940",,"Visa",,"IN",,,0
"470941",,"Visa",,"IN",,,0
"470942",,"Visa",,"IN",,,0
"470943",,"Visa",,"IN",,,0
"470944",,"Visa",,"IN",,,0
"470945",,"Visa",,"IN",,,0
"470946",,"Visa",,"IN",,,0
"470949",,"Visa",,"IN",,,0
"470950",,"Visa",,"IN",,,0
"470951",,"Visa",,"IN",,,0
"470952",,"Visa",,"IN",,,0
"470953",,"Visa",,"IN",,,0
"470954",,"Visa",,"IN",,,0
"470955",,"Visa",,"IN",,,0
"470956",,"Visa",,"IN",,,0
"470957",,"Visa",,"IN",,,0
"470958",,"Visa",,"IN",,,0
"470959",,"Visa",,"IN",,,0
"470960",,"Visa",,"IN",,,0
"470961",,"Visa",,"IN",,,0
"470962",,"Visa",,"IN",,,0
"470963",,"Visa",,"IN",,,0
"470964",,"Visa",,"IN",,,0
"470966",,"Visa",,"IN",,,0
"470967",,"Visa",,"IN",,,0
"470968",,"Visa",,"IN",,,0
"470969",,"Visa",,"IN",,,0
"470970",,"Visa",,"IN",,,0
"470971",,"Visa",,"IN",,,0
"470972",,"Visa",,"IN",,,0
"470973",,"Visa",,"IN",,,0
"470974",,"Visa",,"IN",,,0
"470975",,"Visa",,"IN",,,0
"470976",,"Visa",,"IN",,,0
"470977",,"Visa",,"IN",,,0
"470978",,"Visa",,"IN",,,0
"470979",,"Visa",,"IN",,,0
"470980",,"Visa",,"IN",,,0
"470981",,"Visa",,"IN",,,0
"470982",,"Visa",,"IN",,,0
"470983",,"Visa",,"IN",,,0
"470984",,"Visa",,"IN",,,0
"470985",,"Visa",,"IN",,,0
"470986",,"Visa",,"IN",,,0
"470987",,"Visa",,"IN",,,0
"470988",,"Visa",,"IN",,,0
"470989",,"Visa",,"IN",,,0
"470990",,"Visa",,"IN",,,0
"470991",,"Visa",,"IN",,,0
"470992",,"Visa",,"IN",,,0
"470993",,"Visa",,"IN",,,0
"470994",,"Visa",,"IN",,,0
"470995",,"Visa",,"IN",,,0
"470996",,"Visa",,"IN",,,0
"470997",,"Visa",,"IN",,,0
"470998",,"Visa",,"IN",,,0
"470999",,"Visa",,"IN",,,0
"471267",,"Visa",,"IN",,,0
"471268",,"Visa",,"IN",,,0
"471288",,"Visa",,"IN",,,0
"471289",,"Visa",,"IN",,,0
"471860","PLATINUM","Visa","credit","IN","AXIS BANK, LTD.",,0
"471861","PREMIER","Visa","credit","IN","AXIS BANK, LTD.",,0
"471862",,"Visa",,"IN",,,0
"471863","CLASSIC","Visa","credit","IN","AXIS BANK, LTD.",,0
"471864","CORPORATE T&E","Visa","credit","IN","AXIS BANK, LTD.",,0
"471865",,"Visa",,"IN",,,0
"472255",,"Visa",,"IN",,,0
"472256",,"Visa",,"IN",,,0
"472257",,"Visa",,"IN",,,0
"472258",,"Visa",,"IN",,,0
"472259",,"Visa",,"IN",,,0
"472262",,"Visa",,"IN",,,0
"472326","PREPAID","Visa","debit","IN","INTERPAYMENT SERVICES, LTD.",,0
"472614","CLASSIC","Visa","credit","IN",,,0
"472638","CLASSIC","Visa","credit","IN",,,0
"472642","CLASSIC","Visa","credit","IN",,,0
"472643","CLASSIC","Visa","credit","IN",,,0
"472645","CLASSIC","Visa","credit","IN",,,0
"472652","CLASSIC","Visa","credit","IN",,,0
"472655","CLASSIC","Visa","credit","IN",,,0
"472680","CLASSIC","Visa","credit","IN",,,0
"472803",,"Visa",,"IN","CENTURION BANK OF PUNJAB, LTD.",,0
"472810",,"Visa",,"IN","CENTURION BANK OF PUNJAB, LTD.",,0
"473106","CORPORATE T&E","Visa","debit","IN","ICICI BANK, LTD.",,0
"473107","CLASSIC","Visa","debit","IN","ICICI BANK, LTD.",,0
"473108","CLASSIC","Visa","debit","IN","ICICI BANK, LTD.",,0
"473115","CORPORATE T&E","Visa","debit","IN","ICICI BANK, LTD.",,0
"473133","CORPORATE T&E","Visa","debit","IN","ICICI BANK, LTD.",,0
"473134","CLASSIC","Visa","debit","IN","ICICI BANK, LTD.",,0
"473136","BUSINESS","Visa","debit","IN","ICICI BANK, LTD.",,0
"473148","BUSINESS","Visa","debit","IN","ICICI BANK, LTD.",,0
"473176","CORPORATE T&E","Visa","debit","IN","ICICI BANK, LTD.",,0
"473177","BUSINESS","Visa","debit","IN","ICICI BANK, LTD.",,0
"473195","ELECTRON","Visa","debit","IN","ICICI BANK, LTD.",,0
"473196","CLASSIC","Visa","debit","IN","ICICI BANK, LTD.",,0
"474816","PREPAID - CLASSIC","Visa","debit","IN","STATE BANK OF INDIA",,0
"474833",,"Visa",,"IN",,,0
"474846","PLATINUM","Visa","credit","IN","ICICI BANK, LTD.",,0
"474847","INFINITE","Visa","credit","IN","ICICI BANK, LTD.",,0
"474849","CLASSIC","Visa","debit","IN","WOORI BANK",,0
"474850","GOLD","Visa","debit","IN","WOORI BANK",,0
"474851","BUSINESS","Visa","debit","IN","WOORI BANK",,0
"474856","CLASSIC","Visa","debit","IN","AXIS BANK LIMITED",,0
"474865","PREPAID","Visa","debit","IN","HDFC BANK LIMITED",,0
"476136","CLASSIC","Visa","credit","IN",,,0
"476137","CLASSIC","Visa","credit","IN",,,0
"476338","CLASSIC","Visa","debit","IN","STANDARD CHARTERED BANK",,0
"476641","PREPAID - PLATINUM","Visa","debit","IN","HDFC BANK LIMITED",,0
"476643",,"Visa",,"IN",,,0
"476646","PREPAID","Visa","debit","IN","HDFC BANK LIMITED",,0
"476654","CLASSIC","Visa","debit","IN","ICICI BANK, LTD.",,0
"476655","GOLD","Visa","debit","IN","INDIAN OVERSEAS BANK",,0
"476657","PREPAID - CORPORATE T&E","Visa","debit","IN","HDFC BANK LIMITED",,0
"476658","CLASSIC","Visa","debit","IN","HDFC BANK LIMITED",,0
"476659","PLATINUM","Visa","debit","IN","INDIAN OVERSEAS BANK",,0
"476660","SIGNATURE","Visa","debit","IN","INDIAN OVERSEAS BANK",,0
"477035",,"Visa",,"IN",,,0
"477036",,"Visa",,"IN",,,0
"477037",,"Visa",,"IN",,,0
"477369",,"Visa",,"IN","DHANALAKSHMI BANK, LTD.",,0
"477394",,"Visa",,"IN","ICICI BANK, LTD.",,0
"478074",,"Visa",,"IN",,,0
"478075",,"Visa",,"IN",,,0
"478086",,"Visa",,"IN",,,0
"478087",,"Visa",,"IN",,,0
"478893","PREMIER","Visa","debit","IN","KOTAK MAHINDRA BANK, LTD.",,0
"478910","PREMIER","Visa","credit","IN","BANK OF BARODA",,0
"478949",,"Visa",,"IN","INDUSIND BANK, LTD.",,0
"479829","CLASSIC","Visa","credit","IN","HDFC BANK, LTD.",,0
"479830","GOLD PREMIUM","Visa","credit","IN","HDFC BANK, LTD.",,0
"480414","PURCHASING","Visa","credit","IN",,,0
"480475","PURCHASING","Visa","debit","IN",,,0
"480855","PURCHASING","Visa","credit","IN","ICICI BANK, LTD.",,0
"483540","PLATINUM","Visa","debit","IN",,,0
"483541","CLASSIC","Visa","debit","IN","CATHOLIC SYRIAN BANK, LTD.",,0
"483555","CLASSIC","Visa","debit","IN","DEVELOPMENT credit BANK, LTD.",,0
"483580","CLASSIC","Visa","debit","IN",,,0
"483581","PREMIER","Visa","debit","IN",,,0
"483595",,"Visa",,"IN",,,0
"483599",,"Visa",,"IN",,,0
"483742","PLATINUM","Visa","debit","IN","ALLAHABAD BANK",,0
"483744","PREPAID - CLASSIC","Visa","debit","IN","VIJAYA BANK",,0
"483745","CLASSIC","Visa","debit","IN","ABHYUDAYA CO-OPERATIVE BANK LTD",,0
"483746","PLATINUM","Visa","debit","IN","ABHYUDAYA CO-OPERATIVE BANK LTD",,0
"483748","PREPAID","Visa","debit","IN","CITY UNION BANK LTD",,0
"483749","PREPAID","Visa","debit","IN","CITY UNION BANK LTD",,0
"483779","GOLD","Visa","debit","IN","ALLAHABAD BANK",,0
"484069","SIGNATURE","Visa","debit","IN","KOTAK MAHINDRA BANK, LTD.",,0
"484070","INFINITE","Visa","debit","IN","KOTAK MAHINDRA BANK, LTD.",,0
"484762","PREMIER","Visa","debit","IN",,,0
"484763","PLATINUM","Visa","debit","IN",,,0
"484798","INFINITE","Visa","debit","IN",,,0
"484843","PLATINUM","Visa","debit","IN",,,0
"484844",,"Visa","debit","IN",,,0
"485443","PLATINUM","Visa","debit","IN","AXIS BANK, LTD.",,0
"485444",,"Visa","debit","IN",,,0
"485445",,"Visa","debit","IN",,,0
"485446","PLATINUM","Visa","debit","IN","HDFC BANK, LTD.",,0
"485468","PLATINUM","Visa","debit","IN","BANK OF BARODA",,0
"485498","SIGNATURE","Visa","credit","IN","HDFC BANK, LTD.",,0
"485499",,"Visa","debit","IN",,,0
"485905","PURCHASING","Visa","credit","IN",,,0
"486149",,"Visa",,"IN","UNION BANK OF INDIA",,0
"486269","PLATINUM","Visa","credit","IN","HONGKONG AND SHANGHAI BANKING CORP., LTD.",,0
"486272","CLASSIC","Visa","credit","IN","CANARA BANK",,0
"486292","CLASSIC","Visa","debit","IN","AXIS BANK, LTD.",,0
"486293","PREMIER","Visa","credit","IN","CANARA BANK",,0
"486333","CLASSIC","Visa","debit","IN","BANK OF BARODA",,0
"486337","CLASSIC","Visa","debit","IN",,,0
"486351","PLATINUM","Visa","debit","IN",,,0
"486368","PREPAID","Visa","debit","IN","THE RATNAKAR BANK LIMITED",,0
"486369","CLASSIC","Visa","debit","IN","THE RATNAKAR BANK LIMITED",,0
"486370","CLASSIC","Visa","debit","IN",,,0
"486376","CLASSIC","Visa","debit","IN","DHANALAKSHMI BANK, LTD.",,0
"486377",,"Visa","debit","IN",,,0
"486378","CLASSIC","Visa","debit","IN","DHANALAKSHMI BANK, LTD.",,0
"486409","CORPORATE T&E","Visa","credit","IN","ICICI BANK, LTD.",,0
"486410","CORPORATE T&E","Visa","credit","IN","ICICI BANK, LTD.",,0
"486461","CORPORATE T&E","Visa","credit","IN","SBI CARDS AND PAYMENT SERVICES PTE, LTD.",,0
"486536","PURCHASING","Visa","credit","IN","ICICI BANK, LTD.",,0
"486575","PURCHASING","Visa","credit","IN","HDFC BANK, LTD.",,0
"486586","PURCHASING","Visa","credit","IN","AXIS BANK, LTD.",,0
"486602",,"Visa",,"IN",,,0
"486630",,"Visa",,"IN",,,0
"488904","PLATINUM","Visa","debit","IN",,,0
"488932","PLATINUM","Visa","debit","IN","CANARA BANK",,0
"488939","PREMIER","Visa","debit","IN",,,0
"488994","CORPORATE T&E","Visa","credit","IN","HDFC BANK, LTD.",,0
"489021","CLASSIC","Visa","debit","IN",,,0
"489051","PREMIER","Visa","debit","IN","DHANALAKSHMI BANK, LTD.",,0
"489083","PREMIER","Visa","debit","IN","UNION BANK OF INDIA",,0
"489084","PLATINUM","Visa","debit","IN","UNION BANK OF INDIA",,0
"489376","SIGNATURE","Visa","credit","IN","HDFC BANK, LTD.",,0
"489377","PLATINUM","Visa","credit","IN","HDFC BANK, LTD.",,0
"489604","CLASSIC","Visa","debit","IN","KOTAK MAHINDRA BANK, LTD.",,0
"489664","ELECTRON","Visa","debit","IN","INDUSIND BANK, LTD.",,0
"489668",,"Visa",,"IN","ING VYSYA BANK_, LTD.",,0
"489782",,"Visa",,"IN","CENTURION BANK OF PUNJAB, LTD.",,0
"490222","ELECTRON","Visa","debit","IN","AXIS BANK, LTD.",,0
"490223","ELECTRON","Visa","debit","IN","AXIS BANK, LTD.",,0
"490235",,"Visa",,"IN","STANDARD CHARTERED BANK",,0
"490246","CLASSIC","Visa","debit","IN","HDFC BANK, LTD.",,0
"490247","BUSINESS","Visa","credit","IN","ICICI BANK, LTD.",,0
"490254","ELECTRON","Visa","debit","IN","AXIS BANK, LTD.",,0
"490269",,"Visa",,"IN","AXIS BANK, LTD.",,0
"490280","PREMIER","Visa","debit","IN","CORPORATION BANK",,0
"490900","CLASSIC","Visa","credit","IN","HONGKONG AND SHANGHAI BANKING CORP., LTD.",,0
"491817","PREMIER","Visa","credit","IN","CANARA BANK",,0
"492140","CLASSIC","Visa","credit","IN","VIJAYA BANK",,0
"492459",,"Visa",,"IN","KARNATAKA BANK, LTD.",,0
"493714","GOLD PREMIUM","Visa","credit","IN","CITIBANK",,0
"493826","CORPORATE T&E","Visa","credit","IN","BANK OF BARODA",,0
"493827","CLASSIC","Visa","credit","IN","BANK OF BARODA",,0
"494076","CLASSIC","Visa","credit","IN","STANDARD CHARTERED BANK",,0
"494077","PREMIER","Visa","credit","IN","STANDARD CHARTERED BANK",,0
"494367",,"Visa",,"IN","ANDHRA BANK",,0
"502165",,"Maestro","debit","IN",,,0
"510128","GOLD","MasterCard","credit","IN","SBI CARDS AND PAYMENT SERVICES PVT., LTD.",,0
"510135","GOLD","MasterCard","credit","IN","SBI CARDS AND PAYMENT SERVICES PVT., LTD.",,0
"510401",,"MasterCard",,"IN",,,0
"510402",,"MasterCard",,"IN",,,0
"510404",,"MasterCard",,"IN",,,0
"510405",,"MasterCard",,"IN",,,0
"510406",,"MasterCard",,"IN",,,0
"510407",,"MasterCard",,"IN",,,0
"510408",,"MasterCard",,"IN",,,0
"510409",,"MasterCard",,"IN",,,0
"510416",,"MasterCard",,"IN",,,0
"510418",,"MasterCard",,"IN",,,0
"510419",,"MasterCard",,"IN",,,0
"510420",,"MasterCard",,"IN",,,0
"510421",,"MasterCard","credit","IN","BANK OF BARODA",,0
"510423",,"MasterCard",,"IN",,,0
"510425",,"MasterCard",,"IN",,,0
"510427",,"MasterCard",,"IN",,,0
"510430",,"MasterCard",,"IN",,,0
"510431",,"MasterCard",,"IN",,,0
"510434",,"MasterCard",,"IN","IDBI BANK, LTD.",,0
"510437",,"MasterCard",,"IN",,,0
"510439",,"MasterCard",,"IN",,,0
"510441",,"MasterCard",,"IN",,,0
"510448",,"MasterCard","credit","IN","CENTRAL BANK OF INDIA",,0
"510452",,"MasterCard",,"IN",,,0
"510455",,"MasterCard",,"IN",,,0
"510460","PREPAID","MasterCard","debit","IN","CITIBANK",,0
"510463",,"MasterCard",,"IN",,,0
"510475",,"MasterCard",,"IN",,,0
"510477",,"MasterCard",,"IN",,,0
"510478",,"MasterCard",,"IN",,,0
"510480",,"MasterCard",,"IN","ORIENTAL BANK OF COMMERCE",,0
"510485",,"MasterCard",,"IN",,,0
"510486",,"MasterCard",,"IN",,,0
"510488",,"MasterCard",,"IN",,,0
"510489",,"MasterCard",,"IN",,,0
"510490",,"MasterCard",,"IN",,,0
"510492",,"MasterCard",,"IN",,,0
"510493",,"MasterCard",,"IN",,,0
"510495",,"MasterCard",,"IN",,,0
"510500",,"MasterCard",,"IN",,,0
"510517",,"MasterCard","credit","IN","AXIS BANK, LTD.",,0
"510538",,"MasterCard",,"IN","JAMMU AND KASHMIR BANK, LTD.",,0
"510557","STANDARD","MasterCard","debit","IN",,,0
"510820","STANDARD","MasterCard","debit","IN",,,0
"511665","PREPAID","MasterCard","debit","IN","HDFC BANK, LTD.",,0
"511666","PREPAID - BUSINESS","MasterCard","credit","IN","HDFC BANK LIMITED",,0
"511870","STANDARD","MasterCard","credit","IN","AXIS BANK, LTD.",,0
"511872","PREPAID","MasterCard","debit","IN","AXIS BANK, LTD.",,0
"511878","STANDARD","MasterCard","credit","IN","STATE BANK OF INDIA",,0
"512042","PLATINUM","MasterCard","credit","IN","HONGKONG AND SHANGHAI BANKING CORP., LTD.",,0
"512121",,"MasterCard",,"IN","STANDARD CHARTERED BANK",,0
"512260",,"MasterCard","credit","IN","AXIS BANK, LTD.",,0
"512358",,"MasterCard",,"IN","JAMMU AND KASHMIR BANK, LTD.",,0
"512384","GOLD","MasterCard","credit","IN","BANK OF BARODA",,0
"512622",,"MasterCard","credit","IN","SBI CARDS AND PAYMENT SERVICES PVT., LTD.",,0
"512652","STANDARD","MasterCard","credit","IN","PUNJAB NATIONAL BANK",,0
"512967","PLATINUM","MasterCard","debit","IN","HDFC BANK, LTD.",,0
"512968",,"MasterCard","debit","IN",,,0
"512971","PLATINUM","MasterCard","debit","IN","CANARA BANK",,0
"513094",,"MasterCard",,"IN","HONGKONG AND SHANGHAI BANKING CORP., LTD.",,0
"513347","STANDARD","MasterCard","credit","IN",,,0
"514260","STANDARD","MasterCard","debit","IN","COMMONWEALTH BANK OF AUSTRALIA",,0
"514831","BUSINESS","MasterCard","credit","IN","YES BANK, LTD.",,0
"514833","BUSINESS","MasterCard","credit","IN","AXIS BANK, LTD.",,0
"514834","BUSINESS","MasterCard","credit","IN","HDFC BANK, LTD.",,0
"514837","BUSINESS","MasterCard","credit","IN","UNION BANK OF INDIA",,0
"514840","BUSINESS","MasterCard","credit","IN","BANK OF INDIA",,0
"515566","PLATINUM","MasterCard","debit","IN","CITIBANK",,0
"515748",,"MasterCard",,"IN",,,0
"515875","PLATINUM","MasterCard","credit","IN","JAMMU AND KASHMIR BANK, LTD.",,0
"516068","STANDARD","MasterCard","credit","IN","INDUSIND BANK, LTD.",,0
"516472",,"MasterCard","debit","IN",,,0
"517550","PLATINUM","MasterCard","debit","IN","YES BANK, LTD.",,0
"517574","PLATINUM","MasterCard","debit","IN",,,0
"517635","STANDARD","MasterCard","credit","IN","HDFC BANK, LTD.",,0
"517637","STANDARD","MasterCard","credit","IN","ICICI BANK, LTD.",,0
"517652","GOLD","MasterCard","credit","IN","HDFC BANK, LTD.",,0
"517653","GOLD","MasterCard","credit","IN","ICICI BANK, LTD.",,0
"517700",,"MasterCard","credit","IN","CITIBANK",,0
"517719","STANDARD","MasterCard","credit","IN","ICICI BANK, LTD.",,0
"517755","GOLD","MasterCard","credit","IN","HONGKONG AND SHANGHAI BANKING CORP., LTD.",,0
"517782",,"MasterCard","credit","IN","HONGKONG AND SHANGHAI BANKING CORP., LTD.",,0
"517797",,"MasterCard","credit","IN","HONGKONG AND SHANGHAI BANKING CORP., LTD.",,0
"517798",,"MasterCard",,"IN","HONGKONG AND SHANGHAI BANKING CORPORATION, LTD.",,0
"517804",,"MasterCard",,"IN","BNP PARIBAS",,0
"517819",,"MasterCard",,"IN","BNP PARIBAS",,0
"517899","GOLD","MasterCard","debit","IN",,,0
"518192",,"MasterCard","credit","IN","JAMMU AND KASHMIR BANK, LTD.",,0
"518732",,"MasterCard",,"IN","BANK OF BARODA",,0
"518936","PLATINUM","MasterCard","credit","IN","CITIBANK",,0
"519065","BUSINESS","MasterCard","credit","IN","CANARA BANK",,0
"519253",,"MasterCard",,"IN",,,0
"519254",,"MasterCard",,"IN",,,0
"519255",,"MasterCard",,"IN",,,0
"519256",,"MasterCard",,"IN",,,0
"519518","PREPAID","MasterCard","debit","IN","PUNJAB NATIONAL BANK",,0
"519522","PREPAID","MasterCard","debit","IN","ICICI BANK, LTD.",,0
"519537","PREPAID","MasterCard","debit","IN","ICICI BANK, LTD.",,0
"519608",,"MasterCard",,"IN",,,0
"519609",,"MasterCard",,"IN",,,0
"519617","STANDARD","MasterCard","debit","IN","PUNJAB NATIONAL BANK",,0
"519619","STANDARD","MasterCard","debit","IN",,,0
"519620",,"MasterCard","debit","IN",,,0
"519622","STANDARD","MasterCard","debit","IN","BANK OF INDIA",,0
"519760",,"MasterCard",,"IN",,,0
"519826",,"MasterCard",,"IN",,,0
"519831",,"MasterCard",,"IN",,,0
"519860",,"MasterCard",,"IN",,,0
"519883",,"MasterCard",,"IN",,,0
"519900",,"MasterCard",,"IN",,,0
"520386","PLATINUM","MasterCard","credit","IN","CITIBANK",,0
"520897",,"MasterCard","credit","IN","CANARA BANK",,0
"521074","STANDARD","MasterCard","debit","IN","PUNJAB NATIONAL BANK",,0
"521075","STANDARD","MasterCard","debit","IN","UNION BANK OF INDIA",,0
"521086","STANDARD","MasterCard","debit","IN","BANK OF BARODA",,0
"521106","CLASSIC","MasterCard","debit","IN","STATE BANK OF INDIA",,0
"521107",,"MasterCard",,"IN",,,0
"521108",,"MasterCard",,"IN",,,0
"521109",,"MasterCard",,"IN",,,0
"521110",,"MasterCard",,"IN",,,0
"521111",,"MasterCard",,"IN",,,0
"521112",,"MasterCard",,"IN",,,0
"521113",,"MasterCard",,"IN",,,0
"521114",,"MasterCard",,"IN",,,0
"521115",,"MasterCard",,"IN",,,0
"521143","PREPAID","MasterCard","debit","IN","ICICI BANK, LTD.",,0
"521163","STANDARD","MasterCard","debit","IN","IDBI BANK, LTD.",,0
"521782",,"MasterCard","debit","IN",,,0
"521947",,"MasterCard",,"IN",,,0
"521953",,"MasterCard",,"IN",,,0
"521978",,"MasterCard",,"IN",,,0
"522306",,"MasterCard",,"IN",,,0
"522310",,"MasterCard",,"IN",,,0
"522346",,"MasterCard",,"IN",,,0
"522352",,"MasterCard",,"IN",,,0
"522358",,"MasterCard",,"IN",,,0
"522669",,"MasterCard",,"IN",,,0
"522852",,"MasterCard",,"IN",,,0
"522892",,"MasterCard","credit","IN",,,0
"523116","STANDARD","MasterCard",,"IN",,,0
"523157","PREPAID","MasterCard","debit","IN","FEDERAL BANK, LTD.",,0
"523165","STANDARD","MasterCard",,"IN",,,0
"523166","STANDARD","MasterCard",,"IN",,,0
"523429",,"MasterCard","credit","IN",,,0
"523937",,"MasterCard",,"IN","DEUTSCHE BANK AG",,0
"523950","PLATINUM","MasterCard","credit","IN","ROYAL BANK OF SCOTLAND, N.V.",,0
"523951","PLATINUM","MasterCard","credit","IN","ICICI BANK, LTD.",,0
"523988","PLATINUM","MasterCard","credit","IN","STANDARD CHARTERED BANK",,0
"523990","PLATINUM","MasterCard","credit","IN","STANDARD CHARTERED BANK",,0
"524098","GOLD","MasterCard","credit","IN","JAMMU AND KASHMIR BANK, LTD.",,0
"524111","PLATINUM","MasterCard","credit","IN","HDFC BANK, LTD.",,0
"524133","PLATINUM","MasterCard","credit","IN","CITIBANK",,0
"524162","PLATINUM","MasterCard","credit","IN","CENTRAL BANK OF INDIA",,0
"524178","PLATINUM","MasterCard","credit","IN","AXIS BANK, LTD.",,0
"524181",,"MasterCard",,"IN",,,0
"524182","PLATINUM","MasterCard","credit","IN","SBI CARDS AND PAYMENT SERVICES PVT., LTD.",,0
"524193","PLATINUM","MasterCard","credit","IN","ICICI BANK, LTD.",,0
"524216","PLATINUM","MasterCard","credit","IN","HDFC BANK, LTD.",,0
"524240","PLATINUM","MasterCard","credit","IN","AXIS BANK, LTD.",,0
"524247","PLATINUM","MasterCard","credit","IN","SBI CARDS AND PAYMENT SERVICES PVT., LTD.",,0
"524253",,"MasterCard",,"IN","KOTAK MAHINDRA BANK","KKBK",1
"524254",,"MasterCard",,"IN","KOTAK MAHINDRA BANK","KKBK",1
"524317","PLATINUM","MasterCard","credit","IN","SBI CARDS AND PAYMENT SERVICES PVT., LTD.",,0
"524368","PLATINUM","MasterCard","credit","IN","HDFC BANK, LTD.",,0
"524373","PLATINUM","MasterCard","credit","IN","ROYAL BANK OF SCOTLAND, N.V.",,0
"524376","PLATINUM","MasterCard","credit","IN","ICICI BANK, LTD.",,0
"524446",,"MasterCard",,"IN",,,0
"524498",,"MasterCard",,"IN",,,0
"524499",,"MasterCard",,"IN",,,0
"524508",,"MasterCard",,"IN",,,0
"524512",,"MasterCard",,"IN",,,0
"524598",,"MasterCard",,"IN",,,0
"524610",,"MasterCard",,"IN",,,0
"524877","STANDARD","MasterCard","credit","IN","HDFC BANK, LTD.",,0
"524931",,"MasterCard",,"IN",,,0
"525442",,"MasterCard",,"IN",,,0
"525760",,"MasterCard",,"IN","HDFC BANK, LTD.",,0
"525996",,"MasterCard","credit","IN","ICICI BANK, LTD.",,0
"526419","STANDARD","MasterCard","debit","IN","HDFC BANK, LTD.",,0
"526421","PREPAID","MasterCard","debit","IN","CITIBANK",,0
"526468","STANDARD","MasterCard","credit","IN","SBI CARDS AND PAYMENT SERVICES PVT., LTD.",,0
"526495","STANDARD","MasterCard","credit","IN","BANK OF INDIA",,0
"526701","STANDARD","MasterCard","credit","IN","AXIS BANK, LTD.",,0
"526702","STANDARD","MasterCard","credit","IN","YES BANK, LTD.",,0
"526715","PREPAID","MasterCard","debit","IN","HDFC BANK, LTD.",,0
"526718","PREPAID","MasterCard","debit","IN","AXIS BANK, LTD.",,0
"526730","PREPAID","MasterCard","debit","IN","AXIS BANK, LTD.",,0
"526731",,"MasterCard",,"IN","UTI BANK, LTD.",,0
"526732",,"MasterCard",,"IN","UTI BANK, LTD.",,0
"526733",,"MasterCard",,"IN","UTI BANK, LTD.",,0
"526734",,"MasterCard",,"IN","UTI BANK, LTD.",,0
"526834","GOLD","MasterCard","credit","IN",,,0
"526861","GOLD","MasterCard","credit","IN","INDUSIND BANK, LTD.",,0
"526905",,"MasterCard",,"IN",,,0
"526908",,"MasterCard",,"IN",,,0
"527019",,"MasterCard",,"IN",,,0
"527386",,"MasterCard",,"IN",,,0
"527672",,"MasterCard",,"IN",,,0
"527687",,"MasterCard",,"IN",,,0
"527692",,"MasterCard",,"IN",,,0
"527759",,"MasterCard",,"IN",,,0
"528095","STANDARD","MasterCard","credit","IN","STATE BANK OF INDIA",,0
"528571",,"MasterCard",,"IN",,,0
"528677",,"MasterCard",,"IN",,,0
"528678",,"MasterCard",,"IN",,,0
"528756","GOLD","MasterCard","debit","IN","STANDARD CHARTERED BANK",,0
"528882",,"MasterCard",,"IN",,,0
"528887",,"MasterCard",,"IN",,,0
"528945","PLATINUM","MasterCard","credit","IN","HDFC BANK, LTD.",,0
"529117","PLATINUM","MasterCard","credit","IN","CITIBANK",,0
"529131","GOLD","MasterCard","credit","IN","CANARA BANK",,0
"529185",,"MasterCard",,"IN",,,0
"529186",,"MasterCard",,"IN",,,0
"529321",,"MasterCard",,"IN","STANDARD CHARTERED GRINDLAYS BANK, LTD.",,0
"529372","BUSINESS","MasterCard","credit","IN","ICICI BANK, LTD.",,0
"529374","BUSINESS","MasterCard","credit","IN","ICICI BANK, LTD.",,0
"529375",,"MasterCard",,"IN",,,0
"529376",,"MasterCard",,"IN",,,0
"529495",,"MasterCard","credit","IN","CITIBANK",,0
"529552","PREPAID","MasterCard","debit","IN","IDBI BANK, LTD.",,0
"529557",,"MasterCard",,"IN",,,0
"529608",,"MasterCard",,"IN",,,0
"529615",,"MasterCard",,"IN",,,0
"529616",,"MasterCard",,"IN",,,0
"529617",,"MasterCard",,"IN",,,0
"529618",,"MasterCard",,"IN",,,0
"529621",,"MasterCard",,"IN",,,0
"529870",,"MasterCard",,"IN",,,0
"529971","PREPAID","MasterCard","debit","IN","ICICI BANK, LTD.",,0
"529972","PREPAID","MasterCard","debit","IN","ICICI BANK, LTD.",,0
"529973","PREPAID","MasterCard","debit","IN","ICICI BANK, LTD.",,0
"530151",,"MasterCard",,"IN","BANK OF PUNJAB, LTD.",,0
"530483","PREPAID","MasterCard","debit","IN","CITIBANK NA INDIA BRANCH DBA CITI PREPAID ,,SERVICES IND",,0
"530488","PREPAID","MasterCard","debit","IN","CITIBANK NA INDIA BRANCH DBA CITI PREPAID ,,SERVICES IND",,0
"530504","PREPAID","MasterCard","debit","IN","CITIBANK NA INDIA BRANCH DBA CITI PREPAID ,,SERVICES IND",,0
"530508","PREPAID","MasterCard","debit","IN","CITIBANK NA INDIA BRANCH DBA CITI PREPAID ,,SERVICES IND",,0
"530557","PREPAID","MasterCard","debit","IN","YES BANK, LTD.",,0
"530559","GOLD","MasterCard","credit","IN",,,0
"530562",,"MasterCard",,"IN",,,0
"531091",,"MasterCard",,"IN",,,0
"531662","PLATINUM","MasterCard","credit","IN","CITIBANK",,0
"531804","STANDARD","MasterCard","debit","IN","ICICI BANK, LTD.",,0
"531820","STANDARD","MasterCard","credit","IN","ROYAL BANK OF SCOTLAND, N.V.",,0
"531831","STANDARD","MasterCard","debit","IN","HDFC BANK, LTD.",,0
"532662","PLATINUM","MasterCard","debit","IN","CITIBANK",,0
"532663",,"MasterCard","debit","IN",,,0
"532666","PLATINUM","MasterCard","debit","IN","ICICI BANK, LTD.",,0
"532673","PLATINUM","MasterCard","debit","IN","STANDARD CHARTERED BANK",,0
"532676","PLATINUM","MasterCard","debit","IN","HDFC BANK, LTD.",,0
"532700","PLATINUM","MasterCard","debit","IN","ROYAL BANK OF SCOTLAND, N.V.",,0
"532702","PLATINUM","MasterCard","debit","IN","AXIS BANK, LTD.",,0
"532711","PLATINUM","MasterCard","debit","IN","FEDERAL BANK, LTD.",,0
"532718","PLATINUM","MasterCard","debit","IN","ICICI BANK, LTD.",,0
"532728","PLATINUM","MasterCard","debit","IN","STANDARD CHARTERED BANK",,0
"532729","PLATINUM","MasterCard","debit","IN","ICICI BANK, LTD.",,0
"532731","PLATINUM","MasterCard","debit","IN","AXIS BANK, LTD.",,0
"532734","PLATINUM","MasterCard","debit","IN","AXIS BANK, LTD.",,0
"532960","CORPORATE CARD","MasterCard","credit","IN","CITIBANK N.A., INDIA",,0
"532961","CORPORATE CARD","MasterCard","credit","IN","HDFC BANK, LTD.",,0
"532973","CORPORATE CARD","MasterCard","credit","IN","HDFC BANK, LTD.",,0
"533102","WORLD debit EMBOSSED","MasterCard","debit","IN","AXIS BANK, LTD.",,0
"533112","WORLD debit EMBOSSED","MasterCard","debit","IN","ICICI BANK, LTD.",,0
"533121",,"MasterCard",,"IN",,,0
"533134",,"MasterCard",,"IN",,,0
"533135",,"MasterCard",,"IN",,,0
"533136",,"MasterCard",,"IN",,,0
"533310","PREPAID","MasterCard","debit","IN",,,0
"533601","PREPAID","MasterCard","debit","IN",,,0
"533714",,"MasterCard",,"IN",,,0
"533744",,"MasterCard",,"IN",,,0
"533890","PREPAID","MasterCard","debit","IN","CITIBANK",,0
"533905","PREPAID","MasterCard","debit","IN","CITIBANK NA INDIA BRANCH DBA CITI PREPAID ,,SERVICES IND",,0
"533930","PREPAID","MasterCard","debit","IN","PUNJAB NATIONAL BANK",,0
"533931",,"MasterCard",,"IN",,,0
"533932",,"MasterCard",,"IN",,,0
"533983","PREPAID","MasterCard","debit","IN","YES BANK, LTD.",,0
"534044","BUSINESS","MasterCard","credit","IN","ICICI BANK, LTD.",,0
"534131",,"MasterCard",,"IN",,,0
"534145",,"MasterCard",,"IN",,,0
"534238","PREPAID","MasterCard","debit","IN","CENTRAL BANK OF INDIA",,0
"534327",,"MasterCard",,"IN",,,0
"534330",,"MasterCard",,"IN",,,0
"534332",,"MasterCard",,"IN",,,0
"534334",,"MasterCard",,"IN",,,0
"534337",,"MasterCard",,"IN",,,0
"534340",,"MasterCard",,"IN",,,0
"535930","STANDARD","MasterCard","credit","IN","STATE BANK OF INDIA",,0
"535931","PREPAID","MasterCard","debit","IN","STANDARD CHARTERED BANK",,0
"535932",,"MasterCard",,"IN",,,0
"535933",,"MasterCard",,"IN",,,0
"535934","STANDARD","MasterCard","credit","IN","STANDARD CHARTERED BANK",,0
"535938","STANDARD","MasterCard","credit","IN","INDIAN BANK",,0
"535960","STANDARD","MasterCard","debit","IN","ICICI BANK, LTD.",,0
"535985",,"MasterCard",,"IN",,,0
"536016",,"MasterCard",,"IN",,,0
"536017",,"MasterCard",,"IN",,,0
"536019",,"MasterCard",,"IN",,,0
"536593","PREPAID","MasterCard","debit","IN","PUNJAB NATIONAL BANK",,0
"537903",,"MasterCard",,"IN",,,0
"537904",,"MasterCard",,"IN",,,0
"537905",,"MasterCard",,"IN",,,0
"537906",,"MasterCard",,"IN",,,0
"537907",,"MasterCard",,"IN",,,0
"537908",,"MasterCard",,"IN",,,0
"537909",,"MasterCard",,"IN",,,0
"537910",,"MasterCard",,"IN",,,0
"537911",,"MasterCard",,"IN",,,0
"537912",,"MasterCard",,"IN",,,0
"537913",,"MasterCard",,"IN",,,0
"538426",,"MasterCard",,"IN",,,0
"538830","GOLD","MasterCard","credit","IN","HONGKONG AND SHANGHAI BANKING CORP., LTD.",,0
"539998","STANDARD","MasterCard","debit","IN","ICICI BANK, LTD.",,0
"540021",,"MasterCard",,"IN","BANK OF INDIA",,0
"540082","GOLD","MasterCard","credit","IN","VIJAYA BANK",,0
"540128",,"MasterCard","credit","IN","CENTRAL BANK OF INDIA",,0
"540165",,"MasterCard","credit","IN","CITIBANK",,0
"540175",,"MasterCard","credit","IN","CITIBANK",,0
"540259","GOLD","MasterCard","credit","IN","HONGKONG AND SHANGHAI BANKING CORP., LTD.",,0
"540282",,"MasterCard","credit","IN","ICICI BANK, LTD.",,0
"540303",,"MasterCard","credit","IN","BANK OF BARODA",,0
"540460",,"MasterCard","credit","IN","STANDARD CHARTERED BANK",,0
"540461",,"MasterCard",,"IN","STANDARD CHARTERED BANK",,0
"540529","CORPORATE PURCHASING","MasterCard","credit","IN","ICICI BANK, LTD.",,0
"540531","CORPORATE PURCHASING","MasterCard","credit","IN","CITIBANK N.A., INDIA",,0
"540536","CORPORATE PURCHASING","MasterCard","credit","IN",,,0
"540626",,"MasterCard",,"IN","BANK OF INDIA",,0
"540711","GOLD","MasterCard","credit","IN","STANDARD CHARTERED BANK",,0
"540763",,"MasterCard",,"IN",,,0
"541089","GOLD","MasterCard","credit","IN","HONGKONG AND SHANGHAI BANKING CORP., LTD.",,0
"541174",,"MasterCard","credit","IN","BANK OF INDIA",,0
"541175","GOLD","MasterCard","credit","IN","BANK OF INDIA",,0
"541445",,"MasterCard","credit","IN","CENTRAL BANK OF INDIA",,0
"541497","GOLD","MasterCard","credit","IN","CITIBANK",,0
"541538","STANDARD","MasterCard","credit","IN","ROYAL BANK OF SCOTLAND, N.V.",,0
"542034",,"MasterCard","credit","IN","BANK OF INDIA",,0
"542086",,"MasterCard","credit","IN","ANDHRA BANK",,0
"542176",,"MasterCard","credit","IN","VIJAYA BANK",,0
"542207","STANDARD","MasterCard","credit","IN","HONGKONG AND SHANGHAI BANKING CORP., LTD.",,0
"542225","GOLD","MasterCard","debit","IN",,,0
"542505","GOLD","MasterCard","credit","IN","ROYAL BANK OF SCOTLAND, N.V.",,0
"542531",,"MasterCard","credit","IN","CITIBANK",,0
"542556","PLATINUM","MasterCard","credit","IN","CITIBANK",,0
"543053","PREPAID","MasterCard","debit","IN","HONGKONG AND SHANGHAI BANKING CORP., LTD.",,0
"543080","PREPAID","MasterCard","debit","IN","ICICI BANK, LTD.",,0
"543186",,"MasterCard","credit","IN","STANDARD CHARTERED BANK",,0
"543252","GOLD","MasterCard","debit","IN",,,0
"543423","PREPAID","MasterCard","debit","IN","ICICI BANK, LTD.",,0
"545207","WORLD CARD","MasterCard","credit","IN","ICICI BANK, LTD.",,0
"545226","WORLD CARD","MasterCard","credit","IN","HDFC BANK, LTD.",,0
"545332",,"MasterCard",,"IN",,,0
"545354",,"MasterCard",,"IN",,,0
"545422",,"MasterCard","credit","IN","CANARA BANK",,0
"545964","PLATINUM","MasterCard","credit","IN","HDFC BANK, LTD.",,0
"546522","GOLD","MasterCard","debit","IN","IDBI BANK, LTD.",,0
"547101","PREPAID","MasterCard","debit","IN",,,0
"547277","BUSINESS","MasterCard","credit","IN","SBI CARDS AND PAYMENT SERVICES PVT., LTD.",,0
"547344",,"MasterCard","credit","IN","BANK OF BARODA",,0
"547359","BUSINESS","MasterCard","credit","IN","STANDARD CHARTERED BANK",,0
"547467","BUSINESS","MasterCard","credit","IN","ICICI BANK, LTD.",,0
"547827","BUSINESS","MasterCard","credit","IN","ROYAL BANK OF SCOTLAND, N.V.",,0
"548026","PREPAID","MasterCard","debit","IN","FEDERAL BANK, LTD.",,0
"548245","PLATINUM","MasterCard","credit","IN","BANK OF BARODA",,0
"548568","PREPAID","MasterCard","debit","IN","INDUSIND BANK, LTD.",,0
"548592","PREPAID","MasterCard","debit","IN","INDUSIND BANK, LTD.",,0
"548891",,"MasterCard",,"IN","ANZ GRINDLAYS BANK, LTD.",,0
"549124","PLATINUM","MasterCard","credit","IN","STANDARD CHARTERED BANK",,0
"549132","WORLD CARD","MasterCard","credit","IN","STANDARD CHARTERED BANK",,0
"549172",,"MasterCard",,"IN",,,0
"549177","PLATINUM","MasterCard","debit","IN","CITIBANK",,0
"549253","PREPAID","MasterCard","debit","IN","ANDHRA BANK",,0
"549749","STANDARD","MasterCard","debit","IN","IDBI BANK, LTD.",,0
"549751","STANDARD","MasterCard","credit","IN","AXIS BANK, LTD.",,0
"549752","STANDARD","MasterCard","credit","IN","PUNJAB NATIONAL BANK",,0
"549753",,"MasterCard",,"IN",,,0
"549759","STANDARD","MasterCard","credit","IN","CANARA BANK",,0
"549777","STANDARD","MasterCard","credit","IN","CITIBANK",,0
"549778",,"MasterCard",,"IN",,,0
"549779",,"MasterCard",,"IN",,,0
"549852","WORLD CARD","MasterCard","credit","IN","CITIBANK",,0
"549871","PREPAID","MasterCard","debit","IN",,,0
"550331","PREPAID","MasterCard","debit","IN","AXIS BANK, LTD.",,0
"550332",,"MasterCard",,"IN",,,0
"550333",,"MasterCard",,"IN",,,0
"550334",,"MasterCard",,"IN",,,0
"550335","PREPAID","MasterCard","debit","IN","AXIS BANK, LTD.",,0
"550336","PREPAID","MasterCard","debit","IN","AXIS BANK, LTD.",,0
"550337",,"MasterCard",,"IN",,,0
"550338","PREPAID","MasterCard","debit","IN","AXIS BANK, LTD.",,0
"550339",,"MasterCard",,"IN",,,0
"550340",,"MasterCard",,"IN",,,0
"550341","PREPAID","MasterCard","debit","IN","AXIS BANK, LTD.",,0
"550372",,"MasterCard",,"IN","HDFC BANK, LTD.",,0
"550375",,"MasterCard",,"IN","HONGKONG AND SHANGHAI BANKING CORP., LTD.",,0
"550610",,"MasterCard",,"IN","UTI BANK, LTD.",,0
"552088","PLATINUM","MasterCard","credit","IN","HDFC BANK, LTD.",,0
"552093","PLATINUM","MasterCard","credit","IN","CITIBANK",,0
"552137","PLATINUM","MasterCard","credit","IN","CITIBANK",,0
"552260","WORLD CARD","MasterCard","credit","IN","HDFC BANK, LTD.",,0
"552274","WORLD CARD","MasterCard","credit","IN","HDFC BANK, LTD.",,0
"552344","WORLD CARD","MasterCard","credit","IN","HDFC BANK, LTD.",,0
"552385","WORLD CARD","MasterCard","credit","IN","HDFC BANK, LTD.",,0
"552394","WORLD CARD","MasterCard","credit","IN","HDFC BANK, LTD.",,0
"552418",,"MasterCard",,"IN",,,0
"552468",,"MasterCard",,"IN",,,0
"552790","CORPORATE CARD","MasterCard","credit","IN","CITIBANK N.A., INDIA",,0
"552900","CORPORATE PURCHASING","MasterCard","credit","IN","CITIBANK N.A., INDIA",,0
"553115",,"MasterCard",,"IN","HDFC BANK, LTD.",,0
"553160",,"MasterCard",,"IN",,,0
"553162","BUSINESS","MasterCard","credit","IN","HDFC BANK, LTD.",,0
"553408","CORPORATE CARD","MasterCard","credit","IN","INDUSIND BANK, LTD.",,0
"553414","CORPORATE CARD","MasterCard","credit","IN","ICICI BANK, LTD.",,0
"553418","CORPORATE CARD","MasterCard","credit","IN","SBI CARDS AND PAYMENT SERVICES PVT., LTD.",,0
"553583","BUSINESS","MasterCard","credit","IN","HDFC BANK, LTD.",,0
"553682","WORLD debit EMBOSSED","MasterCard","debit","IN","CITIBANK",,0
"553683",,"MasterCard","debit","IN",,,0
"553684",,"MasterCard","debit","IN",,,0
"554049","PLATINUM","MasterCard","credit","IN","BANK OF BARODA",,0
"554197",,"MasterCard",,"IN","ANDHRA BANK",,0
"554350",,"MasterCard","credit","IN","BANK OF INDIA",,0
"554351","GOLD","MasterCard","credit","IN","BANK OF INDIA",,0
"554374","STANDARD","MasterCard","credit","IN","STANDARD CHARTERED BANK",,0
"554375","GOLD","MasterCard","credit","IN","STANDARD CHARTERED BANK",,0
"554378","STANDARD","MasterCard","credit","IN","STANDARD CHARTERED BANK",,0
"554594","PREPAID","MasterCard","debit","IN","ANDHRA BANK",,0
"554619","STANDARD","MasterCard","credit","IN","CITIBANK",,0
"554623","PLATINUM","MasterCard","credit","IN","STANDARD CHARTERED BANK",,0
"554637","PLATINUM","MasterCard","credit","IN","CITIBANK",,0
"554837","STANDARD","MasterCard","credit","IN","HONGKONG AND SHANGHAI BANKING CORP., LTD.",,0
"554851","GOLD","MasterCard","credit","IN","HONGKONG AND SHANGHAI BANKING CORP., LTD.",,0
"554879",,"MasterCard",,"IN","BANK OF INDIA",,0
"555153",,"MasterCard",,"IN",,,0
"555160",,"MasterCard",,"IN",,,0
"555219",,"MasterCard",,"IN",,,0
"555936","STANDARD","MasterCard","debit","IN","IDBI BANK, LTD.",,0
"555942","STANDARD","MasterCard","credit","IN","FEDERAL BANK, LTD.",,0
"556004",,"MasterCard",,"IN",,,0
"556005",,"MasterCard",,"IN",,,0
"556015",,"MasterCard",,"IN",,,0
"556016",,"MasterCard",,"IN",,,0
"556017",,"MasterCard",,"IN",,,0
"556019",,"MasterCard",,"IN",,,0
"556027",,"MasterCard",,"IN",,,0
"556029",,"MasterCard",,"IN",,,0
"556032",,"MasterCard",,"IN",,,0
"556042","BUSINESS","MasterCard","credit","IN","HDFC BANK, LTD.",,0
"556044",,"MasterCard",,"IN",,,0
"556045",,"MasterCard",,"IN",,,0
"556049",,"MasterCard",,"IN",,,0
"556053",,"MasterCard",,"IN",,,0
"556060",,"MasterCard",,"IN",,,0
"556061",,"MasterCard",,"IN",,,0
"556062",,"MasterCard",,"IN",,,0
"556063",,"MasterCard",,"IN",,,0
"556064",,"MasterCard",,"IN",,,0
"556065",,"MasterCard",,"IN",,,0
"556066",,"MasterCard",,"IN",,,0
"556067",,"MasterCard",,"IN",,,0
"556068",,"MasterCard",,"IN",,,0
"556069",,"MasterCard",,"IN",,,0
"556070",,"MasterCard",,"IN",,,0
"556082",,"MasterCard",,"IN",,,0
"556087",,"MasterCard",,"IN",,,0
"556088",,"MasterCard",,"IN",,,0
"556090",,"MasterCard",,"IN",,,0
"556094",,"MasterCard",,"IN",,,0
"556095",,"MasterCard",,"IN",,,0
"556099",,"MasterCard",,"IN",,,0
"556102",,"MasterCard",,"IN",,,0
"556107",,"MasterCard",,"IN",,,0
"556109",,"MasterCard",,"IN",,,0
"556112",,"MasterCard",,"IN",,,0
"556113",,"MasterCard",,"IN",,,0
"556117",,"MasterCard",,"IN",,,0
"556118",,"MasterCard",,"IN",,,0
"556119",,"MasterCard",,"IN",,,0
"556120",,"MasterCard",,"IN",,,0
"556121",,"MasterCard",,"IN",,,0
"556122",,"MasterCard",,"IN",,,0
"556123",,"MasterCard",,"IN",,,0
"556124",,"MasterCard",,"IN",,,0
"556125",,"MasterCard",,"IN",,,0
"556126",,"MasterCard",,"IN",,,0
"556127",,"MasterCard",,"IN",,,0
"556128",,"MasterCard",,"IN",,,0
"556129",,"MasterCard",,"IN",,,0
"556130",,"MasterCard",,"IN",,,0
"556131",,"MasterCard",,"IN",,,0
"556132",,"MasterCard",,"IN",,,0
"556133",,"MasterCard",,"IN",,,0
"556134",,"MasterCard",,"IN",,,0
"556135",,"MasterCard",,"IN",,,0
"556136",,"MasterCard",,"IN",,,0
"556137",,"MasterCard",,"IN",,,0
"556138",,"MasterCard",,"IN",,,0
"556139",,"MasterCard",,"IN",,,0
"556140",,"MasterCard",,"IN",,,0
"556141",,"MasterCard",,"IN",,,0
"556142",,"MasterCard",,"IN",,,0
"556143",,"MasterCard",,"IN",,,0
"556144",,"MasterCard",,"IN",,,0
"556145",,"MasterCard",,"IN",,,0
"556146",,"MasterCard",,"IN",,,0
"556147",,"MasterCard",,"IN",,,0
"556148",,"MasterCard",,"IN",,,0
"556149",,"MasterCard",,"IN",,,0
"556150",,"MasterCard",,"IN",,,0
"556151",,"MasterCard",,"IN",,,0
"556152",,"MasterCard",,"IN",,,0
"556153",,"MasterCard",,"IN",,,0
"556154",,"MasterCard",,"IN",,,0
"556155",,"MasterCard",,"IN",,,0
"556156",,"MasterCard",,"IN",,,0
"556157",,"MasterCard",,"IN",,,0
"556158",,"MasterCard",,"IN",,,0
"556159",,"MasterCard",,"IN",,,0
"556160",,"MasterCard",,"IN",,,0
"556161",,"MasterCard",,"IN",,,0
"556162",,"MasterCard",,"IN",,,0
"556163",,"MasterCard",,"IN",,,0
"556164",,"MasterCard",,"IN",,,0
"556165",,"MasterCard",,"IN",,,0
"556166",,"MasterCard",,"IN",,,0
"556167",,"MasterCard",,"IN",,,0
"556168",,"MasterCard",,"IN",,,0
"556169",,"MasterCard",,"IN",,,0
"556170",,"MasterCard",,"IN",,,0
"556171",,"MasterCard",,"IN",,,0
"556172",,"MasterCard",,"IN",,,0
"556173",,"MasterCard",,"IN",,,0
"556174",,"MasterCard",,"IN",,,0
"556175",,"MasterCard",,"IN",,,0
"556176",,"MasterCard",,"IN",,,0
"556177",,"MasterCard",,"IN",,,0
"556178",,"MasterCard",,"IN",,,0
"556179",,"MasterCard",,"IN",,,0
"556180",,"MasterCard",,"IN",,,0
"556181",,"MasterCard",,"IN",,,0
"556182",,"MasterCard",,"IN",,,0
"556183",,"MasterCard",,"IN",,,0
"556184",,"MasterCard",,"IN",,,0
"556185",,"MasterCard",,"IN",,,0
"556186",,"MasterCard",,"IN",,,0
"556187",,"MasterCard",,"IN",,,0
"556188",,"MasterCard",,"IN",,,0
"556189",,"MasterCard",,"IN",,,0
"556190",,"MasterCard",,"IN",,,0
"556191",,"MasterCard",,"IN",,,0
"556192",,"MasterCard",,"IN",,,0
"556193",,"MasterCard",,"IN",,,0
"556194",,"MasterCard",,"IN",,,0
"556195",,"MasterCard",,"IN",,,0
"556196",,"MasterCard",,"IN",,,0
"556197",,"MasterCard",,"IN",,,0
"556198",,"MasterCard",,"IN",,,0
"556199",,"MasterCard",,"IN",,,0
"556200",,"MasterCard",,"IN",,,0
"556201",,"MasterCard",,"IN",,,0
"556202",,"MasterCard",,"IN",,,0
"556203",,"MasterCard",,"IN",,,0
"556204",,"MasterCard",,"IN",,,0
"556205",,"MasterCard",,"IN",,,0
"556206",,"MasterCard",,"IN",,,0
"556207",,"MasterCard",,"IN",,,0
"556208",,"MasterCard",,"IN",,,0
"556209",,"MasterCard",,"IN",,,0
"556210",,"MasterCard",,"IN",,,0
"556211",,"MasterCard",,"IN",,,0
"556212",,"MasterCard",,"IN",,,0
"556213",,"MasterCard",,"IN",,,0
"556214",,"MasterCard",,"IN",,,0
"556215",,"MasterCard",,"IN",,,0
"556216",,"MasterCard",,"IN",,,0
"556217",,"MasterCard",,"IN",,,0
"556218",,"MasterCard",,"IN",,,0
"556219",,"MasterCard",,"IN",,,0
"556220",,"MasterCard",,"IN",,,0
"556221",,"MasterCard",,"IN",,,0
"556222",,"MasterCard",,"IN",,,0
"556223",,"MasterCard",,"IN",,,0
"556224",,"MasterCard",,"IN",,,0
"556225",,"MasterCard",,"IN",,,0
"556226",,"MasterCard",,"IN",,,0
"556227",,"MasterCard",,"IN",,,0
"556228",,"MasterCard",,"IN",,,0
"556229",,"MasterCard",,"IN",,,0
"556230",,"MasterCard",,"IN",,,0
"556231",,"MasterCard",,"IN",,,0
"556232",,"MasterCard",,"IN",,,0
"556233",,"MasterCard",,"IN",,,0
"556234",,"MasterCard",,"IN",,,0
"556235",,"MasterCard",,"IN",,,0
"556236",,"MasterCard",,"IN",,,0
"556237",,"MasterCard",,"IN",,,0
"556238",,"MasterCard",,"IN",,,0
"556239",,"MasterCard",,"IN",,,0
"556240",,"MasterCard",,"IN",,,0
"556241",,"MasterCard",,"IN",,,0
"556242",,"MasterCard",,"IN",,,0
"556243",,"MasterCard",,"IN",,,0
"556244",,"MasterCard",,"IN",,,0
"556245",,"MasterCard",,"IN",,,0
"556246",,"MasterCard",,"IN",,,0
"556247",,"MasterCard",,"IN",,,0
"556248",,"MasterCard",,"IN",,,0
"556249",,"MasterCard",,"IN",,,0
"556250",,"MasterCard",,"IN",,,0
"556251",,"MasterCard",,"IN",,,0
"556252",,"MasterCard",,"IN",,,0
"556253",,"MasterCard",,"IN",,,0
"556254",,"MasterCard",,"IN",,,0
"556255",,"MasterCard",,"IN",,,0
"556256",,"MasterCard",,"IN",,,0
"556257",,"MasterCard",,"IN",,,0
"556258",,"MasterCard",,"IN",,,0
"556259",,"MasterCard",,"IN",,,0
"556260",,"MasterCard",,"IN",,,0
"556261",,"MasterCard",,"IN",,,0
"556262",,"MasterCard",,"IN",,,0
"556263",,"MasterCard",,"IN",,,0
"556264",,"MasterCard",,"IN",,,0
"556265",,"MasterCard",,"IN",,,0
"556266",,"MasterCard",,"IN",,,0
"556267",,"MasterCard",,"IN",,,0
"556268",,"MasterCard",,"IN",,,0
"556269",,"MasterCard",,"IN",,,0
"556270",,"MasterCard",,"IN",,,0
"556271",,"MasterCard",,"IN",,,0
"556272",,"MasterCard",,"IN",,,0
"556273",,"MasterCard",,"IN",,,0
"556274",,"MasterCard",,"IN",,,0
"556275",,"MasterCard",,"IN",,,0
"556276",,"MasterCard",,"IN",,,0
"556277",,"MasterCard",,"IN",,,0
"556278",,"MasterCard",,"IN",,,0
"556279",,"MasterCard",,"IN",,,0
"556280",,"MasterCard",,"IN",,,0
"556281",,"MasterCard",,"IN",,,0
"556282",,"MasterCard",,"IN",,,0
"556283",,"MasterCard",,"IN",,,0
"556284",,"MasterCard",,"IN",,,0
"556285",,"MasterCard",,"IN",,,0
"556286",,"MasterCard",,"IN",,,0
"556287",,"MasterCard",,"IN",,,0
"556288",,"MasterCard",,"IN",,,0
"556289",,"MasterCard",,"IN",,,0
"556290",,"MasterCard",,"IN",,,0
"556291",,"MasterCard",,"IN",,,0
"556292",,"MasterCard",,"IN",,,0
"556293",,"MasterCard",,"IN",,,0
"556294",,"MasterCard",,"IN",,,0
"556295",,"MasterCard",,"IN",,,0
"556297",,"MasterCard",,"IN",,,0
"556298",,"MasterCard",,"IN",,,0
"556299",,"MasterCard",,"IN",,,0
"556308",,"MasterCard",,"IN",,,0
"556310",,"MasterCard",,"IN",,,0
"556318",,"MasterCard",,"IN",,,0
"556325",,"MasterCard",,"IN",,,0
"556326",,"MasterCard",,"IN",,,0
"556327",,"MasterCard",,"IN",,,0
"556328",,"MasterCard",,"IN",,,0
"556332",,"MasterCard",,"IN",,,0
"556335",,"MasterCard",,"IN",,,0
"556348",,"MasterCard",,"IN",,,0
"556351",,"MasterCard",,"IN",,,0
"556356",,"MasterCard",,"IN",,,0
"556360",,"MasterCard",,"IN",,,0
"556361",,"MasterCard",,"IN",,,0
"556362",,"MasterCard",,"IN",,,0
"556363",,"MasterCard",,"IN",,,0
"556366",,"MasterCard",,"IN",,,0
"556367",,"MasterCard",,"IN",,,0
"556368",,"MasterCard",,"IN",,,0
"556369",,"MasterCard",,"IN",,,0
"556373",,"MasterCard",,"IN",,,0
"556374",,"MasterCard",,"IN",,,0
"556375",,"MasterCard",,"IN",,,0
"556376",,"MasterCard",,"IN",,,0
"556378",,"MasterCard",,"IN",,,0
"556379",,"MasterCard",,"IN",,,0
"556380",,"MasterCard",,"IN",,,0
"556381",,"MasterCard",,"IN",,,0
"556382",,"MasterCard",,"IN",,,0
"556383",,"MasterCard",,"IN",,,0
"556384",,"MasterCard",,"IN",,,0
"556385",,"MasterCard",,"IN",,,0
"556386",,"MasterCard",,"IN",,,0
"556387",,"MasterCard",,"IN",,,0
"556388",,"MasterCard",,"IN",,,0
"556389",,"MasterCard",,"IN",,,0
"556390",,"MasterCard",,"IN",,,0
"556391",,"MasterCard",,"IN",,,0
"556392",,"MasterCard",,"IN",,,0
"556393",,"MasterCard",,"IN",,,0
"556394",,"MasterCard",,"IN",,,0
"556395",,"MasterCard",,"IN",,,0
"556396",,"MasterCard",,"IN",,,0
"556397",,"MasterCard",,"IN",,,0
"556398",,"MasterCard",,"IN",,,0
"556399",,"MasterCard",,"IN",,,0
"556401",,"MasterCard",,"IN",,,0
"556402",,"MasterCard",,"IN",,,0
"556403",,"MasterCard",,"IN",,,0
"556404",,"MasterCard",,"IN",,,0
"556405",,"MasterCard",,"IN",,,0
"556407",,"MasterCard",,"IN",,,0
"556408",,"MasterCard",,"IN",,,0
"556409",,"MasterCard",,"IN",,,0
"556410",,"MasterCard",,"IN",,,0
"556411",,"MasterCard",,"IN",,,0
"556412",,"MasterCard",,"IN",,,0
"556413",,"MasterCard",,"IN",,,0
"556414",,"MasterCard",,"IN",,,0
"556415",,"MasterCard",,"IN",,,0
"556416",,"MasterCard",,"IN",,,0
"556417",,"MasterCard",,"IN",,,0
"556418",,"MasterCard",,"IN",,,0
"556419",,"MasterCard",,"IN",,,0
"556420",,"MasterCard",,"IN",,,0
"556421",,"MasterCard",,"IN",,,0
"556422",,"MasterCard",,"IN",,,0
"556423",,"MasterCard",,"IN",,,0
"556424",,"MasterCard",,"IN",,,0
"556425",,"MasterCard",,"IN",,,0
"556426",,"MasterCard",,"IN",,,0
"556427",,"MasterCard",,"IN",,,0
"556428",,"MasterCard",,"IN",,,0
"556429",,"MasterCard",,"IN",,,0
"556430",,"MasterCard",,"IN",,,0
"556431",,"MasterCard",,"IN",,,0
"556432",,"MasterCard",,"IN",,,0
"556433",,"MasterCard",,"IN",,,0
"556434",,"MasterCard",,"IN",,,0
"556435",,"MasterCard",,"IN",,,0
"556436",,"MasterCard",,"IN",,,0
"556437",,"MasterCard",,"IN",,,0
"556438",,"MasterCard",,"IN",,,0
"556439",,"MasterCard",,"IN",,,0
"556440",,"MasterCard",,"IN",,,0
"556441",,"MasterCard",,"IN",,,0
"556442",,"MasterCard",,"IN",,,0
"556443",,"MasterCard",,"IN",,,0
"556444",,"MasterCard",,"IN",,,0
"556445",,"MasterCard",,"IN",,,0
"556446",,"MasterCard",,"IN",,,0
"556447",,"MasterCard",,"IN",,,0
"556448",,"MasterCard",,"IN",,,0
"556449",,"MasterCard",,"IN",,,0
"556450",,"MasterCard",,"IN",,,0
"556451",,"MasterCard",,"IN",,,0
"556452",,"MasterCard",,"IN",,,0
"556453",,"MasterCard",,"IN",,,0
"556454",,"MasterCard",,"IN",,,0
"556455",,"MasterCard",,"IN",,,0
"556456",,"MasterCard",,"IN",,,0
"556457",,"MasterCard",,"IN",,,0
"556458",,"MasterCard",,"IN",,,0
"556459",,"MasterCard",,"IN",,,0
"556461",,"MasterCard",,"IN",,,0
"556462",,"MasterCard",,"IN",,,0
"556463",,"MasterCard",,"IN",,,0
"556464",,"MasterCard",,"IN",,,0
"556465",,"MasterCard",,"IN",,,0
"556468",,"MasterCard",,"IN",,,0
"556469",,"MasterCard",,"IN",,,0
"556471",,"MasterCard",,"IN",,,0
"556472",,"MasterCard",,"IN",,,0
"556473",,"MasterCard",,"IN",,,0
"556474",,"MasterCard",,"IN",,,0
"556475",,"MasterCard",,"IN",,,0
"556476",,"MasterCard",,"IN",,,0
"556477",,"MasterCard",,"IN",,,0
"556478",,"MasterCard",,"IN",,,0
"556479",,"MasterCard",,"IN",,,0
"556480",,"MasterCard",,"IN",,,0
"556481",,"MasterCard",,"IN",,,0
"556482",,"MasterCard",,"IN",,,0
"556483",,"MasterCard",,"IN",,,0
"556484",,"MasterCard",,"IN",,,0
"556485",,"MasterCard",,"IN",,,0
"556486",,"MasterCard",,"IN",,,0
"556487",,"MasterCard",,"IN",,,0
"556488",,"MasterCard",,"IN",,,0
"556489",,"MasterCard",,"IN",,,0
"556490",,"MasterCard",,"IN",,,0
"556491",,"MasterCard",,"IN",,,0
"556492",,"MasterCard",,"IN",,,0
"556493",,"MasterCard",,"IN",,,0
"556494",,"MasterCard",,"IN",,,0
"556495",,"MasterCard",,"IN",,,0
"556496",,"MasterCard",,"IN",,,0
"556497",,"MasterCard",,"IN",,,0
"556498",,"MasterCard",,"IN",,,0
"556499",,"MasterCard",,"IN",,,0
"556501",,"MasterCard",,"IN",,,0
"556502",,"MasterCard",,"IN",,,0
"556503",,"MasterCard",,"IN",,,0
"556504",,"MasterCard",,"IN",,,0
"556505",,"MasterCard",,"IN",,,0
"556507",,"MasterCard",,"IN",,,0
"556508",,"MasterCard",,"IN",,,0
"556509",,"MasterCard",,"IN",,,0
"556511",,"MasterCard",,"IN",,,0
"556512",,"MasterCard",,"IN",,,0
"556513",,"MasterCard",,"IN",,,0
"556514",,"MasterCard",,"IN",,,0
"556515",,"MasterCard",,"IN",,,0
"556516",,"MasterCard",,"IN",,,0
"556517",,"MasterCard",,"IN",,,0
"556518",,"MasterCard",,"IN",,,0
"556519",,"MasterCard",,"IN",,,0
"556521",,"MasterCard",,"IN",,,0
"556522",,"MasterCard",,"IN",,,0
"556523",,"MasterCard",,"IN",,,0
"556524",,"MasterCard",,"IN",,,0
"556525",,"MasterCard",,"IN",,,0
"556526",,"MasterCard",,"IN",,,0
"556527",,"MasterCard",,"IN",,,0
"556528",,"MasterCard",,"IN",,,0
"556529",,"MasterCard",,"IN",,,0
"556531",,"MasterCard",,"IN",,,0
"556532",,"MasterCard",,"IN",,,0
"556533",,"MasterCard",,"IN",,,0
"556534",,"MasterCard",,"IN",,,0
"556535",,"MasterCard",,"IN",,,0
"556536",,"MasterCard",,"IN",,,0
"556537",,"MasterCard",,"IN",,,0
"556538",,"MasterCard",,"IN",,,0
"556539",,"MasterCard",,"IN",,,0
"556540",,"MasterCard",,"IN",,,0
"556541",,"MasterCard",,"IN",,,0
"556542",,"MasterCard",,"IN",,,0
"556543",,"MasterCard",,"IN",,,0
"556544",,"MasterCard",,"IN",,,0
"556545",,"MasterCard",,"IN",,,0
"556546",,"MasterCard",,"IN",,,0
"556547",,"MasterCard",,"IN",,,0
"556548",,"MasterCard",,"IN",,,0
"556549",,"MasterCard",,"IN",,,0
"556550",,"MasterCard",,"IN",,,0
"556551",,"MasterCard",,"IN",,,0
"556552",,"MasterCard",,"IN",,,0
"556553",,"MasterCard",,"IN",,,0
"556554",,"MasterCard",,"IN",,,0
"556555",,"MasterCard",,"IN",,,0
"556556",,"MasterCard",,"IN",,,0
"556557",,"MasterCard",,"IN",,,0
"556558",,"MasterCard",,"IN",,,0
"556559",,"MasterCard",,"IN",,,0
"556561",,"MasterCard",,"IN",,,0
"556562",,"MasterCard",,"IN",,,0
"556563",,"MasterCard",,"IN",,,0
"556564",,"MasterCard",,"IN",,,0
"556565",,"MasterCard",,"IN",,,0
"556567",,"MasterCard",,"IN",,,0
"556568",,"MasterCard",,"IN",,,0
"556569",,"MasterCard",,"IN",,,0
"556570",,"MasterCard",,"IN",,,0
"556571",,"MasterCard",,"IN",,,0
"556572",,"MasterCard",,"IN",,,0
"556573",,"MasterCard",,"IN",,,0
"556574",,"MasterCard",,"IN",,,0
"556575",,"MasterCard",,"IN",,,0
"556576",,"MasterCard",,"IN",,,0
"556577",,"MasterCard",,"IN",,,0
"556578",,"MasterCard",,"IN",,,0
"556579",,"MasterCard",,"IN",,,0
"556581",,"MasterCard",,"IN",,,0
"556582",,"MasterCard",,"IN",,,0
"556583",,"MasterCard",,"IN",,,0
"556584",,"MasterCard",,"IN",,,0
"556585",,"MasterCard",,"IN",,,0
"556586",,"MasterCard",,"IN",,,0
"556587",,"MasterCard",,"IN",,,0
"556588",,"MasterCard",,"IN",,,0
"556589",,"MasterCard",,"IN",,,0
"556591",,"MasterCard",,"IN",,,0
"556592",,"MasterCard",,"IN",,,0
"556593",,"MasterCard",,"IN",,,0
"556594",,"MasterCard",,"IN",,,0
"556595",,"MasterCard",,"IN",,,0
"556596",,"MasterCard",,"IN",,,0
"556597",,"MasterCard",,"IN",,,0
"556598",,"MasterCard",,"IN",,,0
"556599",,"MasterCard",,"IN",,,0
"556602",,"MasterCard",,"IN",,,0
"556604",,"MasterCard",,"IN",,,0
"556606",,"MasterCard",,"IN",,,0
"556609",,"MasterCard",,"IN",,,0
"556618",,"MasterCard",,"IN",,,0
"556620","CORPORATE CARD","MasterCard","credit","IN","HDFC BANK, LTD.",,0
"556621",,"MasterCard",,"IN",,,0
"556627",,"MasterCard",,"IN",,,0
"556629",,"MasterCard",,"IN",,,0
"556631",,"MasterCard",,"IN",,,0
"556632",,"MasterCard",,"IN",,,0
"556640",,"MasterCard",,"IN",,,0
"556648",,"MasterCard",,"IN",,,0
"556649",,"MasterCard",,"IN",,,0
"556652",,"MasterCard",,"IN",,,0
"556667",,"MasterCard",,"IN",,,0
"556668",,"MasterCard",,"IN",,,0
"556669",,"MasterCard",,"IN",,,0
"556674",,"MasterCard",,"IN",,,0
"556683",,"MasterCard",,"IN",,,0
"556684",,"MasterCard",,"IN",,,0
"556685",,"MasterCard",,"IN",,,0
"556686",,"MasterCard",,"IN",,,0
"556687",,"MasterCard",,"IN",,,0
"556690",,"MasterCard",,"IN",,,0
"556691",,"MasterCard",,"IN",,,0
"556692",,"MasterCard",,"IN",,,0
"556693",,"MasterCard",,"IN",,,0
"556694",,"MasterCard",,"IN",,,0
"556695",,"MasterCard",,"IN",,,0
"556696",,"MasterCard",,"IN",,,0
"556697",,"MasterCard",,"IN",,,0
"556698",,"MasterCard",,"IN",,,0
"556699",,"MasterCard",,"IN",,,0
"556713",,"MasterCard",,"IN",,,0
"556720",,"MasterCard",,"IN",,,0
"556721",,"MasterCard",,"IN",,,0
"556725",,"MasterCard",,"IN",,,0
"556726",,"MasterCard",,"IN",,,0
"556727",,"MasterCard",,"IN",,,0
"556728",,"MasterCard",,"IN",,,0
"556729",,"MasterCard",,"IN",,,0
"556730",,"MasterCard",,"IN",,,0
"556731",,"MasterCard",,"IN",,,0
"556733",,"MasterCard",,"IN",,,0
"556737",,"MasterCard",,"IN",,,0
"556739",,"MasterCard",,"IN",,,0
"556740",,"MasterCard",,"IN",,,0
"556742",,"MasterCard",,"IN",,,0
"556743",,"MasterCard",,"IN",,,0
"556747",,"MasterCard",,"IN",,,0
"556754",,"MasterCard",,"IN",,,0
"556755",,"MasterCard",,"IN",,,0
"556756",,"MasterCard",,"IN",,,0
"556758",,"MasterCard",,"IN",,,0
"556762",,"MasterCard",,"IN",,,0
"556763",,"MasterCard",,"IN",,,0
"556764",,"MasterCard",,"IN",,,0
"556767",,"MasterCard",,"IN",,,0
"556768",,"MasterCard",,"IN",,,0
"556769",,"MasterCard",,"IN",,,0
"556770",,"MasterCard",,"IN",,,0
"556771",,"MasterCard",,"IN",,,0
"556772",,"MasterCard",,"IN",,,0
"556773",,"MasterCard",,"IN",,,0
"556774",,"MasterCard",,"IN",,,0
"556775",,"MasterCard",,"IN",,,0
"556776",,"MasterCard",,"IN",,,0
"556779",,"MasterCard",,"IN",,,0
"556783",,"MasterCard",,"IN",,,0
"556784",,"MasterCard",,"IN",,,0
"556787",,"MasterCard",,"IN",,,0
"556790",,"MasterCard",,"IN",,,0
"556793",,"MasterCard",,"IN",,,0
"556794",,"MasterCard",,"IN",,,0
"556795",,"MasterCard",,"IN",,,0
"556796",,"MasterCard",,"IN",,,0
"556797",,"MasterCard",,"IN",,,0
"556798",,"MasterCard",,"IN",,,0
"556799",,"MasterCard",,"IN",,,0
"556818",,"MasterCard",,"IN",,,0
"556819",,"MasterCard",,"IN",,,0
"556830",,"MasterCard",,"IN",,,0
"556832",,"MasterCard",,"IN",,,0
"556833",,"MasterCard",,"IN",,,0
"556834",,"MasterCard",,"IN",,,0
"556835",,"MasterCard",,"IN",,,0
"556836",,"MasterCard",,"IN",,,0
"556837",,"MasterCard",,"IN",,,0
"556839",,"MasterCard",,"IN",,,0
"556843",,"MasterCard",,"IN",,,0
"556844",,"MasterCard",,"IN",,,0
"556845",,"MasterCard",,"IN",,,0
"556847",,"MasterCard",,"IN",,,0
"556848",,"MasterCard",,"IN",,,0
"556849",,"MasterCard",,"IN",,,0
"556852",,"MasterCard",,"IN",,,0
"556853",,"MasterCard",,"IN",,,0
"556854",,"MasterCard",,"IN",,,0
"556855",,"MasterCard",,"IN",,,0
"556856",,"MasterCard",,"IN",,,0
"556857",,"MasterCard",,"IN",,,0
"556858",,"MasterCard",,"IN",,,0
"556859",,"MasterCard",,"IN",,,0
"556861",,"MasterCard",,"IN",,,0
"556863",,"MasterCard",,"IN",,,0
"556864",,"MasterCard",,"IN",,,0
"556865",,"MasterCard",,"IN",,,0
"556867",,"MasterCard",,"IN",,,0
"556868",,"MasterCard",,"IN",,,0
"556869",,"MasterCard",,"IN",,,0
"556884",,"MasterCard",,"IN",,,0
"556914",,"MasterCard",,"IN",,,0
"556916",,"MasterCard",,"IN",,,0
"556933",,"MasterCard",,"IN",,,0
"556966",,"MasterCard",,"IN",,,0
"556973",,"MasterCard",,"IN",,,0
"556974",,"MasterCard",,"IN",,,0
"556998",,"MasterCard",,"IN",,,0
"556999",,"MasterCard",,"IN",,,0
"557554","PLATINUM","MasterCard","debit","IN","PUNJAB NATIONAL BANK",,0
"557582","PLATINUM","MasterCard","debit","IN","STATE BANK OF INDIA",,0
"557584",,"MasterCard",,"IN",,,0
"557585","PLATINUM","MasterCard","debit","IN","CORPORATION BANK",,0
"557586",,"MasterCard",,"IN",,,0
"557589","PLATINUM","MasterCard","debit","IN","BANK OF INDIA",,0
"557629",,"MasterCard",,"IN",,,0
"557631",,"MasterCard",,"IN",,,0
"557632",,"MasterCard",,"IN",,,0
"557633","PLATINUM","MasterCard","debit","IN","INDIAN BANK",,0
"557654","BUSINESS","MasterCard","credit","IN","AXIS BANK, LTD.",,0
"557664","STANDARD","MasterCard","credit","IN","UNION BANK OF INDIA",,0
"557665",,"MasterCard",,"IN",,,0
"557677","STANDARD","MasterCard","credit","IN","STATE BANK OF INDIA",,0
"557684","STANDARD","MasterCard","debit","IN","CORPORATION BANK",,0
"557688","STANDARD","MasterCard","debit","IN","CORPORATION BANK",,0
"557777",,"MasterCard","credit","IN","CENTRAL BANK OF INDIA",,0
"557794",,"MasterCard","credit","IN","ANDHRA BANK",,0
"558818","BUSINESS","MasterCard","credit","IN","HDFC BANK, LTD.",,0
"558853","BUSINESS","MasterCard","credit","IN",,,0
"558959","WORLD CARD","MasterCard","credit","IN","STANDARD CHARTERED BANK",,0
"558963","BUSINESS","MasterCard","credit","IN","STANDARD CHARTERED BANK",,0
"558983",,"MasterCard",,"IN",,,0
"559004","BUSINESS","MasterCard","credit","IN","CORPORATION BANK",,0
"559300",,"MasterCard",,"IN",,,0
"559340",,"MasterCard",,"IN",,,0
"559341",,"MasterCard",,"IN",,,0
"559344",,"MasterCard",,"IN",,,0
"559345",,"MasterCard",,"IN",,,0
"559401",,"MasterCard",,"IN",,,0
"559426",,"MasterCard",,"IN",,,0
"559490",,"MasterCard",,"IN",,,0
"559491",,"MasterCard",,"IN",,,0
"559492",,"MasterCard",,"IN",,,0
"559493",,"MasterCard",,"IN",,,0
"559601",,"MasterCard",,"IN",,,0
"559602",,"MasterCard",,"IN",,,0
"559603",,"MasterCard",,"IN",,,0
"559604",,"MasterCard",,"IN",,,0
"559605",,"MasterCard",,"IN",,,0
"559606",,"MasterCard",,"IN",,,0
"607261",,"RuPay","debit","IN","ABHYUDAYA COOPERATIVE BANK",,0
"607076",,"RuPay","debit","IN","ANDHRA BANK",,0
"607445",,"RuPay","debit","IN","AXIS BANK",,0
"652151",,"RuPay","debit","IN","BANK OF BARODA",,0
"606985",,"RuPay","debit","IN","BANK OF BARODA",,0
"606994",,"RuPay","debit","IN","BANK OF BARODA",,0
"606998",,"RuPay","debit","IN","BANK OF INDIA",,0
"607002",,"RuPay","debit","IN","BANK OF INDIA",,0
"508505",,"RuPay","debit","IN","BANK OF INDIA",,0
"607713",,"RuPay","debit","IN","BANK OF INDIA",,0
"607879",,"RuPay","debit","IN","BANK OF INDIA",,0
"607447",,"RuPay","debit","IN","CANARA BANK",,0
"607422",,"RuPay","debit","IN","CANARA BANK",,0
"607427",,"RuPay","debit","IN","CANARA BANK",,0
"607386",,"RuPay","debit","IN","CANARA BANK",,0
"607396",,"RuPay","debit","IN","CANARA BANK",,0
"607418",,"RuPay","debit","IN","CANARA BANK",,0
"607264",,"RuPay","debit","IN","CENTRAL BANK OF INDIA",,0
"607243",,"RuPay","debit","IN","DENA BANK",,0
"607782",,"RuPay","debit","IN","DENA BANK",,0
"607165",,"RuPay","debit","IN","FEDERAL BANK",,0
"607017",,"RuPay","debit","IN","HDFC BANK",,0
"607019",,"RuPay","debit","IN","HDFC BANK",,0
"607152",,"RuPay","debit","IN","HDFC BANK",,0
"607318",,"RuPay","debit","IN","HDFC BANK",,0
"607384",,"RuPay","debit","IN",,,0
"607484",,"RuPay","debit","IN",,,0
"607500",,"RuPay","debit","IN",,,0
"607802",,"RuPay","debit","IN","HDFC BANK",,0
"607926",,"RuPay","debit","IN","HDFC BANK",,0
"652156",,"RuPay","debit","IN","HDFC BANK",,0
"652166",,"RuPay","debit","IN","HDFC BANK",,0
"607466",,"RuPay","debit","IN","ICICI BANK",,0
"607473",,"RuPay","debit","IN","ICICI BANK",,0
"607474",,"RuPay","debit","IN","ICICI BANK",,0
"607478",,"RuPay","debit","IN","ICICI BANK",,0
"607479",,"RuPay","debit","IN","ICICI BANK",,0
"607419",,"RuPay","debit","IN","IDBI BANK",,0
"607105",,"RuPay","debit","IN","INDIAN BANK",,0
"607126",,"RuPay","debit","IN","INDIAN OVERSEAS BANK",,0
"607451",,"RuPay","debit","IN","INDUSIND BANK LIMITED",,0
"607276",,"RuPay","debit","IN","JANATA SAHAKARI BANK LTD PUNE",,0
"607027",,"RuPay","debit","IN","PUNJAB NATIONAL BANK",,0
"607093",,"RuPay","debit","IN","PUNJAB NATIONAL BANK",,0
"607094",,"RuPay","debit","IN","STATE BANK OF INDIA",,0
"607072",,"RuPay","debit","IN","STATE BANK OF INDIA",,0
"607074",,"RuPay","debit","IN","STATE BANK OF INDIA",,0
"607005",,"RuPay","debit","IN","STATE BANK OF INDIA",,0
"607014",,"RuPay","debit","IN","STATE BANK OF INDIA",,0
"607032",,"RuPay","debit","IN","STATE BANK OF INDIA",,0
"607045",,"RuPay","debit","IN","STATE BANK OF INDIA",,0
"606986",,"RuPay","debit","IN","STATE BANK OF INDIA",,0
"606987",,"RuPay","debit","IN","STATE BANK OF INDIA",,0
"606988",,"RuPay","debit","IN","STATE BANK OF INDIA",,0
"606989",,"RuPay","debit","IN","STATE BANK OF INDIA",,0
"606990",,"RuPay","debit","IN","STATE BANK OF INDIA",,0
"606991",,"RuPay","debit","IN","STATE BANK OF INDIA",,0
"607090",,"RuPay","debit","IN","THE COSMOS COOPERATIVE BANK LTD",,0
"607278",,"RuPay","debit","IN","The KALUPUR COMMERCIAL CO-OPERATIVE BANK LTD",,0
"607066",,"RuPay","debit","IN","UCO BANK",,0
"607070",,"RuPay","debit","IN","UCO BANK",,0
"607882",,"RuPay","debit","IN","UCO BANK",,0
"606992",,"RuPay","debit","IN","UNION BANK OF INDIA",,0
"607168",,"RuPay","debit","IN","UNION BANK OF INDIA - PREPAID",,0
"607077",,"RuPay","debit","IN","UNITED BANK OF INDIA",,0
"607075",,"RuPay","debit","IN","VIJAYA BANK",,0
"607035",,"RuPay","debit","IN","VIJAYA BANK",,0
"607089",,"RuPay","debit","IN","VIJAYA BANK",,0
"607589",,"RuPay","debit","IN","VIJAYA BANK",,0
"607096",,"RuPay","debit","IN","VIJAYA BANK",,0